{"stats":{"minecraft:used":{"minecraft:stone_axe":1,"minecraft:dirt":3,"minecraft:crafting_table":1,"minecraft:stone_pickaxe":32,"minecraft:wooden_pickaxe":61},"minecraft:picked_up":{"minecraft:birch_log":5,"minecraft:crafting_table":1,"minecraft:coal":14,"minecraft:dirt":9,"minecraft:cobblestone":68},"minecraft:custom":{"minecraft:time_since_rest":15334,"minecraft:crouch_one_cm":1505,"minecraft:sprint_one_cm":5985,"minecraft:play_time":15334,"minecraft:damage_taken":70,"minecraft:walk_one_cm":23321,"minecraft:sneak_time":592,"minecraft:jump":105,"minecraft:damage_dealt":52,"minecraft:leave_game":5,"minecraft:time_since_death":15334,"minecraft:total_world_time":15358,"minecraft:player_kills":1,"minecraft:interact_with_crafting_table":2,"minecraft:fall_one_cm":3383,"minecraft:fly_one_cm":7521},"minecraft:mined":{"minecraft:short_grass":2,"minecraft:grass_block":4,"minecraft:coal_ore":15,"minecraft:dirt":5,"minecraft:birch_log":6,"minecraft:stone":73,"minecraft:birch_leaves":3,"minecraft:crafting_table":2},"minecraft:crafted":{"minecraft:stone_shovel":1,"minecraft:birch_planks":20,"minecraft:stone_axe":1,"minecraft:crafting_table":1,"minecraft:stick":8,"minecraft:stone_pickaxe":1,"minecraft:wooden_pickaxe":1},"minecraft:broken":{"minecraft:wooden_pickaxe":1}},"DataVersion":3953}