{"stats":{"minecraft:used":{"minecraft:moss_block":1,"minecraft:wooden_axe":15,"minecraft:chicken":1,"minecraft:stone_pickaxe":91,"minecraft:wooden_pickaxe":3,"minecraft:rotten_flesh":9,"minecraft:stone_axe":31,"minecraft:torch":2,"minecraft:glow_berries":9,"minecraft:cobblestone":17,"minecraft:crafting_table":2,"minecraft:cobbled_deepslate":2},"minecraft:picked_up":{"minecraft:wooden_axe":1,"minecraft:birch_log":16,"minecraft:raw_iron":42,"minecraft:stick":2,"minecraft:crafting_table":3,"minecraft:feather":2,"minecraft:chicken":1,"minecraft:torch":1,"minecraft:potato":1,"minecraft:birch_planks":55,"minecraft:lapis_lazuli":36,"minecraft:dirt":1,"minecraft:rotten_flesh":9,"minecraft:cobbled_deepslate":2,"minecraft:moss_block":1,"minecraft:glow_berries":10,"minecraft:birch_sapling":3,"minecraft:coal":10,"minecraft:cobblestone":33},"minecraft:dropped":{"minecraft:wooden_axe":1,"minecraft:birch_sapling":2,"minecraft:wooden_pickaxe":1},"minecraft:killed":{"minecraft:zombie":10,"minecraft:chicken":1},"minecraft:custom":{"minecraft:time_since_rest":14908,"minecraft:sprint_one_cm":24871,"minecraft:damage_taken":656,"minecraft:walk_one_cm":69855,"minecraft:mob_kills":11,"minecraft:drop":4,"minecraft:damage_dealt":2486,"minecraft:interact_with_crafting_table":4,"minecraft:swim_one_cm":3722,"minecraft:fly_one_cm":19542,"minecraft:player_kills":1,"minecraft:crouch_one_cm":9643,"minecraft:play_time":17964,"minecraft:deaths":1,"minecraft:sneak_time":3375,"minecraft:walk_under_water_one_cm":3232,"minecraft:jump":312,"minecraft:time_since_death":14878,"minecraft:walk_on_water_one_cm":9679,"minecraft:climb_one_cm":48,"minecraft:total_world_time":17964,"minecraft:fall_one_cm":7343},"minecraft:mined":{"minecraft:iron_ore":25,"minecraft:birch_log":16,"minecraft:birch_leaves":2,"minecraft:crafting_table":2,"minecraft:short_grass":1,"minecraft:coal_ore":11,"minecraft:deepslate_iron_ore":18,"minecraft:dirt":1,"minecraft:lapis_ore":5,"minecraft:stone":33,"minecraft:moss_block":1,"minecraft:wall_torch":1,"minecraft:deepslate":2},"minecraft:crafted":{"minecraft:crafting_table":1,"minecraft:stick":28,"minecraft:wooden_pickaxe":1,"minecraft:stone_pickaxe":1,"minecraft:wooden_axe":1,"minecraft:torch":8,"minecraft:birch_planks":64,"minecraft:stone_axe":1}},"DataVersion":3953}