{"stats":{"minecraft:used":{"minecraft:moss_block":1,"minecraft:stone_pickaxe":93,"minecraft:shield":6,"minecraft:wooden_pickaxe":3,"minecraft:iron_sword":6,"minecraft:rotten_flesh":9,"minecraft:torch":4,"minecraft:glow_berries":13,"minecraft:crafting_table":4,"minecraft:wooden_axe":15,"minecraft:chicken":1,"minecraft:iron_pickaxe":41,"minecraft:stone_axe":31,"minecraft:cobblestone":19,"minecraft:furnace":1,"minecraft:bucket":1,"minecraft:cobbled_deepslate":14},"minecraft:picked_up":{"minecraft:wooden_axe":1,"minecraft:birch_log":16,"minecraft:crafting_table":5,"minecraft:feather":2,"minecraft:chicken":1,"minecraft:potato":1,"minecraft:birch_planks":55,"minecraft:lapis_lazuli":54,"minecraft:dirt":1,"minecraft:bone":3,"minecraft:cobbled_deepslate":14,"minecraft:iron_ingot":1,"minecraft:stone_pickaxe":1,"minecraft:moss_block":1,"minecraft:birch_sapling":3,"minecraft:furnace":1,"minecraft:stick":2,"minecraft:raw_iron":59,"minecraft:torch":3,"minecraft:arrow":4,"minecraft:rotten_flesh":9,"minecraft:diamond":9,"minecraft:granite":3,"minecraft:glow_berries":13,"minecraft:coal":13,"minecraft:cobblestone":35},"minecraft:dropped":{"minecraft:stone_axe":1,"minecraft:birch_sapling":2,"minecraft:wooden_axe":1,"minecraft:wooden_pickaxe":1,"minecraft:stone_pickaxe":1},"minecraft:killed":{"minecraft:skeleton":2,"minecraft:zombie":10,"minecraft:chicken":1},"minecraft:custom":{"minecraft:interact_with_furnace":11,"minecraft:mob_kills":13,"minecraft:interact_with_crafting_table":11,"minecraft:time_since_death":26878,"minecraft:climb_one_cm":48,"minecraft:time_since_rest":26908,"minecraft:sprint_one_cm":30224,"minecraft:damage_taken":666,"minecraft:walk_one_cm":93004,"minecraft:damage_blocked_by_shield":254,"minecraft:drop":6,"minecraft:damage_dealt":2886,"minecraft:swim_one_cm":3722,"minecraft:player_kills":1,"minecraft:fly_one_cm":25140,"minecraft:crouch_one_cm":14718,"minecraft:play_time":29964,"minecraft:deaths":1,"minecraft:sneak_time":4853,"minecraft:walk_under_water_one_cm":3934,"minecraft:jump":389,"minecraft:walk_on_water_one_cm":11097,"minecraft:total_world_time":29964,"minecraft:fall_one_cm":8481},"minecraft:mined":{"minecraft:deepslate_diamond_ore":10,"minecraft:crafting_table":4,"minecraft:granite":3,"minecraft:short_grass":1,"minecraft:lapis_ore":5,"minecraft:moss_block":1,"minecraft:wall_torch":2,"minecraft:furnace":1,"minecraft:birch_log":16,"minecraft:iron_ore":34,"minecraft:cobbled_deepslate":2,"minecraft:birch_leaves":2,"minecraft:deepslate_lapis_ore":3,"minecraft:coal_ore":11,"minecraft:cave_vines":1,"minecraft:deepslate_iron_ore":19,"minecraft:dirt":1,"minecraft:stone":35,"minecraft:deepslate":14},"minecraft:crafted":{"minecraft:crafting_table":1,"minecraft:wooden_pickaxe":1,"minecraft:iron_helmet":1,"minecraft:iron_sword":1,"minecraft:furnace":1,"minecraft:bucket":1,"minecraft:birch_planks":64,"minecraft:stone_axe":1,"minecraft:air":0,"minecraft:iron_boots":1,"minecraft:iron_chestplate":1,"minecraft:diamond_pickaxe":1,"minecraft:shield":1,"minecraft:stick":28,"minecraft:iron_ingot":34,"minecraft:iron_pickaxe":1,"minecraft:stone_pickaxe":1,"minecraft:wooden_axe":1,"minecraft:iron_leggings":1,"minecraft:torch":8}},"DataVersion":3953}