{"stats":{"minecraft:used":{"minecraft:moss_block":1,"minecraft:water_bucket":10,"minecraft:stone_pickaxe":93,"minecraft:baked_potato":5,"minecraft:wooden_pickaxe":3,"minecraft:shield":35,"minecraft:iron_sword":48,"minecraft:stone_hoe":2,"minecraft:rotten_flesh":15,"minecraft:torch":9,"minecraft:glow_berries":13,"minecraft:dirt":4,"minecraft:crafting_table":5,"minecraft:granite":2,"minecraft:wooden_axe":15,"minecraft:diamond_pickaxe":196,"minecraft:chicken":1,"minecraft:iron_pickaxe":250,"minecraft:smooth_basalt":1,"minecraft:stone_axe":31,"minecraft:cobblestone":22,"minecraft:furnace":2,"minecraft:bucket":11,"minecraft:potato":12,"minecraft:cobbled_deepslate":36,"minecraft:bone_meal":30},"minecraft:picked_up":{"minecraft:wooden_axe":1,"minecraft:birch_log":16,"minecraft:crafting_table":6,"minecraft:feather":2,"minecraft:chicken":1,"minecraft:andesite":4,"minecraft:potato":41,"minecraft:birch_planks":55,"minecraft:tuff":1,"minecraft:dirt":4,"minecraft:lapis_lazuli":88,"minecraft:string":2,"minecraft:bone":10,"minecraft:cobbled_deepslate":44,"minecraft:iron_ingot":1,"minecraft:stone_pickaxe":1,"minecraft:calcite":280,"minecraft:moss_block":1,"minecraft:birch_sapling":3,"minecraft:furnace":2,"minecraft:stick":2,"minecraft:raw_iron":89,"minecraft:smooth_basalt":1,"minecraft:torch":3,"minecraft:amethyst_shard":12,"minecraft:diorite":1,"minecraft:arrow":9,"minecraft:rotten_flesh":16,"minecraft:diamond":22,"minecraft:granite":3,"minecraft:glow_berries":13,"minecraft:obsidian":10,"minecraft:coal":31,"minecraft:cobblestone":42},"minecraft:dropped":{"minecraft:stone_axe":1,"minecraft:birch_sapling":2,"minecraft:wooden_axe":1,"minecraft:wooden_pickaxe":1,"minecraft:stone_pickaxe":1},"minecraft:killed":{"minecraft:zombie_villager":1,"minecraft:spider":1,"minecraft:skeleton":7,"minecraft:zombie":15,"minecraft:chicken":1},"minecraft:custom":{"minecraft:interact_with_furnace":20,"minecraft:mob_kills":25,"minecraft:interact_with_crafting_table":12,"minecraft:leave_game":1,"minecraft:time_since_death":54619,"minecraft:climb_one_cm":48,"minecraft:time_since_rest":54649,"minecraft:sprint_one_cm":50405,"minecraft:damage_taken":902,"minecraft:walk_one_cm":182281,"minecraft:damage_blocked_by_shield":1144,"minecraft:drop":6,"minecraft:damage_dealt":5083,"minecraft:swim_one_cm":4121,"minecraft:player_kills":1,"minecraft:fly_one_cm":42218,"minecraft:crouch_one_cm":30029,"minecraft:play_time":57705,"minecraft:deaths":1,"minecraft:sneak_time":8835,"minecraft:walk_under_water_one_cm":8017,"minecraft:jump":792,"minecraft:walk_on_water_one_cm":25288,"minecraft:total_world_time":57705,"minecraft:fall_one_cm":12323},"minecraft:mined":{"minecraft:tuff":1,"minecraft:farmland":2,"minecraft:deepslate_diamond_ore":23,"minecraft:amethyst_cluster":3,"minecraft:obsidian":11,"minecraft:crafting_table":5,"minecraft:granite":3,"minecraft:short_grass":1,"minecraft:calcite":282,"minecraft:lapis_ore":5,"minecraft:moss_block":1,"minecraft:diorite":1,"minecraft:wall_torch":2,"minecraft:furnace":2,"minecraft:birch_log":16,"minecraft:iron_ore":52,"minecraft:cobbled_deepslate":4,"minecraft:andesite":4,"minecraft:birch_leaves":2,"minecraft:deepslate_lapis_ore":8,"minecraft:potatoes":12,"minecraft:coal_ore":29,"minecraft:cave_vines":1,"minecraft:deepslate_iron_ore":31,"minecraft:dirt":2,"minecraft:smooth_basalt":2,"minecraft:stone":42,"minecraft:deepslate":39},"minecraft:crafted":{"minecraft:crafting_table":1,"minecraft:wooden_pickaxe":1,"minecraft:baked_potato":24,"minecraft:iron_helmet":1,"minecraft:iron_sword":1,"minecraft:furnace":1,"minecraft:bucket":1,"minecraft:bone_meal":30,"minecraft:birch_planks":64,"minecraft:stone_axe":1,"minecraft:air":0,"minecraft:iron_boots":1,"minecraft:iron_chestplate":1,"minecraft:diamond_pickaxe":1,"minecraft:shield":1,"minecraft:stick":28,"minecraft:iron_ingot":34,"minecraft:iron_pickaxe":1,"minecraft:stone_pickaxe":1,"minecraft:wooden_axe":1,"minecraft:iron_leggings":1,"minecraft:torch":8,"minecraft:stone_hoe":1},"minecraft:broken":{"minecraft:iron_pickaxe":1}},"DataVersion":3953}