{"stats":{"minecraft:used":{"minecraft:moss_block":1,"minecraft:chest":6,"minecraft:shield":70,"minecraft:iron_sword":128,"minecraft:stone_hoe":2,"minecraft:rotten_flesh":15,"minecraft:netherrack":569,"minecraft:torch":9,"minecraft:dirt":25,"minecraft:carrot":6,"minecraft:granite":2,"minecraft:wooden_axe":15,"minecraft:iron_axe":116,"minecraft:crimson_planks":2,"minecraft:smooth_basalt":1,"minecraft:golden_carrot":12,"minecraft:furnace":4,"minecraft:potato":44,"minecraft:cobbled_deepslate":42,"minecraft:water_bucket":10,"minecraft:diorite":7,"minecraft:stone_pickaxe":93,"minecraft:baked_potato":28,"minecraft:wooden_pickaxe":3,"minecraft:polished_blackstone_bricks":41,"minecraft:glow_berries":13,"minecraft:crafting_table":9,"minecraft:diamond_pickaxe":1333,"minecraft:chicken":1,"minecraft:iron_pickaxe":250,"minecraft:stone_axe":31,"minecraft:diamond_sword":134,"minecraft:cobblestone":25,"minecraft:bucket":11,"minecraft:andesite":4,"minecraft:bone_meal":107},"minecraft:picked_up":{"minecraft:wooden_axe":1,"minecraft:iron_chestplate":3,"minecraft:crafting_table":11,"minecraft:nether_wart":25,"minecraft:chicken":1,"minecraft:nether_brick_fence":3,"minecraft:brown_mushroom":33,"minecraft:wooden_pickaxe":3,"minecraft:diamond_horse_armor":2,"minecraft:gilded_blackstone":5,"minecraft:shield":1,"minecraft:golden_sword":3,"minecraft:string":5,"minecraft:soul_soil":5,"minecraft:iron_leggings":2,"minecraft:blackstone":3,"minecraft:cobbled_deepslate":44,"minecraft:oak_boat":3,"minecraft:calcite":280,"minecraft:iron_nugget":48,"minecraft:melon_slice":83,"minecraft:sugar_cane":4,"minecraft:birch_sapling":3,"minecraft:furnace":7,"minecraft:dark_oak_sapling":5,"minecraft:raw_iron":90,"minecraft:stick":4,"minecraft:torch":3,"minecraft:porkchop":75,"minecraft:polished_blackstone_bricks":41,"minecraft:golden_axe":2,"minecraft:diorite":7,"minecraft:carrot":16,"minecraft:golden_chestplate":3,"minecraft:arrow":62,"minecraft:rotten_flesh":19,"minecraft:nether_bricks":6,"minecraft:gold_ingot":16,"minecraft:blaze_rod":3,"minecraft:glow_berries":13,"minecraft:obsidian":16,"minecraft:bone_block":22,"minecraft:cobblestone":53,"minecraft:birch_log":34,"minecraft:cooked_beef":15,"minecraft:feather":2,"minecraft:basalt":8,"minecraft:golden_carrot":5,"minecraft:crimson_stem":16,"minecraft:andesite":4,"minecraft:leather":21,"minecraft:potato":153,"minecraft:birch_planks":63,"minecraft:tuff":1,"minecraft:nether_wart_block":8,"minecraft:golden_boots":4,"minecraft:lapis_lazuli":88,"minecraft:dirt":55,"minecraft:cooked_mutton":27,"minecraft:bone":31,"minecraft:apple":2,"minecraft:wheat_seeds":1,"minecraft:iron_ingot":1,"minecraft:stone_pickaxe":7,"minecraft:glowstone_dust":19,"minecraft:bamboo":248,"minecraft:moss_block":1,"minecraft:iron_sword":2,"minecraft:warped_fungus":1,"minecraft:smooth_basalt":1,"minecraft:quartz":58,"minecraft:amethyst_shard":12,"minecraft:diamond":23,"minecraft:rib_armor_trim_smithing_template":1,"minecraft:crossbow":3,"minecraft:iron_helmet":3,"minecraft:cracked_polished_blackstone_bricks":29,"minecraft:granite":3,"minecraft:bone_meal":6,"minecraft:piglin_banner_pattern":1,"minecraft:netherrack":758,"minecraft:coal":45,"minecraft:crimson_roots":28,"minecraft:diamond_pickaxe":4},"minecraft:dropped":{"minecraft:crimson_stem":2,"minecraft:stone_hoe":1,"minecraft:golden_boots":3,"minecraft:iron_sword":2,"minecraft:porkchop":30,"minecraft:birch_planks":8,"minecraft:wheat_seeds":1,"minecraft:warped_fungus":1,"minecraft:cooked_beef":15,"minecraft:crafting_table":2,"minecraft:iron_helmet":1,"minecraft:crossbow":3,"minecraft:golden_axe":3,"minecraft:granite":1,"minecraft:coal":2,"minecraft:cracked_polished_blackstone_bricks":29,"minecraft:dirt":30,"minecraft:torch":2,"minecraft:nether_wart_block":7,"minecraft:crimson_roots":28,"minecraft:wooden_axe":1,"minecraft:melon_slice":83,"minecraft:iron_leggings":1,"minecraft:string":2,"minecraft:gold_ingot":14,"minecraft:furnace":4,"minecraft:stone_axe":1,"minecraft:iron_nugget":48,"minecraft:golden_chestplate":4,"minecraft:tuff":1,"minecraft:birch_sapling":2,"minecraft:rotten_flesh":1,"minecraft:cooked_mutton":27,"minecraft:nether_brick_fence":3,"minecraft:nether_bricks":6,"minecraft:iron_chestplate":1,"minecraft:diamond_pickaxe":5,"minecraft:oak_boat":2,"minecraft:golden_sword":3,"minecraft:basalt":8,"minecraft:stone_pickaxe":8,"minecraft:wooden_pickaxe":4,"minecraft:quartz":12,"minecraft:netherrack":14},"minecraft:killed":{"minecraft:spider":2,"minecraft:skeleton":20,"minecraft:chicken":1,"minecraft:piglin_brute":3,"minecraft:piglin":4,"minecraft:zombie_villager":1,"minecraft:hoglin":4,"minecraft:zombie":20,"minecraft:wither_skeleton":4,"minecraft:blaze":3,"minecraft:enderman":2},"minecraft:custom":{"minecraft:mob_kills":68,"minecraft:interact_with_crafting_table":18,"minecraft:leave_game":2,"minecraft:time_since_death":144713,"minecraft:climb_one_cm":1620,"minecraft:sprint_one_cm":201197,"minecraft:walk_one_cm":457648,"minecraft:damage_blocked_by_shield":2255,"minecraft:drop":107,"minecraft:talked_to_villager":3,"minecraft:play_time":147799,"minecraft:deaths":1,"minecraft:sneak_time":31944,"minecraft:walk_under_water_one_cm":9629,"minecraft:jump":2218,"minecraft:walk_on_water_one_cm":26109,"minecraft:total_world_time":147799,"minecraft:interact_with_furnace":33,"minecraft:sleep_in_bed":3,"minecraft:time_since_rest":62523,"minecraft:damage_taken":3013,"minecraft:damage_dealt":16033,"minecraft:swim_one_cm":4121,"minecraft:fly_one_cm":210642,"minecraft:player_kills":1,"minecraft:open_chest":34,"minecraft:crouch_one_cm":138726,"minecraft:interact_with_smoker":17,"minecraft:fall_one_cm":40606},"minecraft:mined":{"minecraft:nether_gold_ore":8,"minecraft:tuff":1,"minecraft:farmland":2,"minecraft:dark_oak_leaves":66,"minecraft:deepslate_diamond_ore":23,"minecraft:obsidian":11,"minecraft:granite":3,"minecraft:cracked_polished_blackstone_bricks":2,"minecraft:brown_mushroom_block":90,"minecraft:moss_block":1,"minecraft:crimson_stem":15,"minecraft:polished_blackstone_bricks":4,"minecraft:weeping_vines_plant":1,"minecraft:furnace":4,"minecraft:carrots":4,"minecraft:fire":21,"minecraft:cobbled_deepslate":4,"minecraft:iron_ore":52,"minecraft:andesite":4,"minecraft:deepslate_lapis_ore":8,"minecraft:potatoes":45,"minecraft:cave_vines":1,"minecraft:deepslate_iron_ore":31,"minecraft:bamboo":25,"minecraft:stone":53,"minecraft:bone_block":14,"minecraft:crimson_nylium":55,"minecraft:soul_fire":1,"minecraft:amethyst_cluster":3,"minecraft:basalt":14,"minecraft:crafting_table":7,"minecraft:short_grass":4,"minecraft:calcite":282,"minecraft:mushroom_stem":9,"minecraft:nether_quartz_ore":30,"minecraft:lapis_ore":5,"minecraft:sugar_cane":2,"minecraft:diorite":7,"minecraft:wall_torch":2,"minecraft:warped_nylium":29,"minecraft:nether_wart_block":8,"minecraft:birch_log":16,"minecraft:birch_leaves":2,"minecraft:coal_ore":29,"minecraft:dirt":9,"minecraft:smooth_basalt":2,"minecraft:netherrack":954,"minecraft:deepslate":39,"minecraft:fern":2},"minecraft:crafted":{"minecraft:furnace":1,"minecraft:bone_meal":165,"minecraft:iron_boots":1,"minecraft:iron_axe":1,"minecraft:stone_pickaxe":1,"minecraft:chest":6,"minecraft:stone_hoe":1,"minecraft:crimson_planks":56,"minecraft:diamond_sword":1,"minecraft:crafting_table":2,"minecraft:iron_helmet":2,"minecraft:wooden_pickaxe":1,"minecraft:baked_potato":52,"minecraft:iron_sword":1,"minecraft:bucket":1,"minecraft:birch_planks":64,"minecraft:stone_axe":1,"minecraft:air":0,"minecraft:iron_chestplate":2,"minecraft:diamond_pickaxe":1,"minecraft:shield":2,"minecraft:stick":32,"minecraft:iron_ingot":51,"minecraft:iron_pickaxe":1,"minecraft:wooden_axe":1,"minecraft:iron_leggings":2,"minecraft:torch":8},"minecraft:broken":{"minecraft:golden_boots":1,"minecraft:iron_pickaxe":1}},"DataVersion":3953}