{"stats":{"minecraft:used":{"minecraft:wooden_axe":15,"minecraft:stone_pickaxe":5,"minecraft:wooden_pickaxe":3,"minecraft:stone_axe":1,"minecraft:crafting_table":2},"minecraft:picked_up":{"minecraft:wooden_axe":1,"minecraft:birch_log":16,"minecraft:stick":2,"minecraft:crafting_table":3,"minecraft:birch_planks":55,"minecraft:birch_sapling":3,"minecraft:coal":2,"minecraft:cobblestone":6},"minecraft:dropped":{"minecraft:wooden_axe":1,"minecraft:birch_sapling":2,"minecraft:wooden_pickaxe":1},"minecraft:custom":{"minecraft:time_since_rest":2908,"minecraft:sprint_one_cm":15537,"minecraft:damage_taken":321,"minecraft:walk_one_cm":18099,"minecraft:drop":4,"minecraft:damage_dealt":230,"minecraft:interact_with_crafting_table":4,"minecraft:swim_one_cm":3722,"minecraft:fly_one_cm":8760,"minecraft:player_kills":1,"minecraft:crouch_one_cm":1210,"minecraft:play_time":5964,"minecraft:deaths":1,"minecraft:sneak_time":474,"minecraft:walk_under_water_one_cm":1759,"minecraft:jump":90,"minecraft:time_since_death":2878,"minecraft:walk_on_water_one_cm":7211,"minecraft:total_world_time":5964,"minecraft:fall_one_cm":2812},"minecraft:mined":{"minecraft:birch_log":16,"minecraft:birch_leaves":2,"minecraft:crafting_table":2,"minecraft:short_grass":1,"minecraft:coal_ore":2,"minecraft:stone":6},"minecraft:crafted":{"minecraft:crafting_table":1,"minecraft:stick":28,"minecraft:wooden_pickaxe":1,"minecraft:stone_pickaxe":1,"minecraft:wooden_axe":1,"minecraft:torch":8,"minecraft:birch_planks":64,"minecraft:stone_axe":1}},"DataVersion":3953}