{"stats":{"minecraft:used":{"minecraft:moss_block":1,"minecraft:chest":4,"minecraft:shield":41,"minecraft:iron_sword":128,"minecraft:stone_hoe":2,"minecraft:rotten_flesh":15,"minecraft:netherrack":1,"minecraft:torch":9,"minecraft:dirt":25,"minecraft:carrot":6,"minecraft:granite":2,"minecraft:wooden_axe":15,"minecraft:iron_axe":113,"minecraft:crimson_planks":2,"minecraft:smooth_basalt":1,"minecraft:furnace":4,"minecraft:potato":44,"minecraft:cobbled_deepslate":42,"minecraft:water_bucket":10,"minecraft:diorite":7,"minecraft:stone_pickaxe":93,"minecraft:baked_potato":13,"minecraft:wooden_pickaxe":3,"minecraft:glow_berries":13,"minecraft:crafting_table":6,"minecraft:diamond_pickaxe":229,"minecraft:chicken":1,"minecraft:iron_pickaxe":250,"minecraft:stone_axe":31,"minecraft:cobblestone":25,"minecraft:bucket":11,"minecraft:andesite":4,"minecraft:bone_meal":107},"minecraft:picked_up":{"minecraft:wooden_axe":1,"minecraft:crafting_table":7,"minecraft:chicken":1,"minecraft:brown_mushroom":33,"minecraft:string":2,"minecraft:cobbled_deepslate":44,"minecraft:calcite":280,"minecraft:melon_slice":32,"minecraft:sugar_cane":4,"minecraft:birch_sapling":3,"minecraft:furnace":4,"minecraft:dark_oak_sapling":5,"minecraft:raw_iron":90,"minecraft:stick":4,"minecraft:torch":3,"minecraft:porkchop":6,"minecraft:diorite":7,"minecraft:carrot":16,"minecraft:arrow":15,"minecraft:rotten_flesh":18,"minecraft:glow_berries":13,"minecraft:obsidian":10,"minecraft:bone_block":14,"minecraft:cobblestone":53,"minecraft:birch_log":16,"minecraft:feather":2,"minecraft:crimson_stem":12,"minecraft:andesite":4,"minecraft:leather":1,"minecraft:potato":153,"minecraft:birch_planks":57,"minecraft:tuff":1,"minecraft:golden_boots":1,"minecraft:lapis_lazuli":88,"minecraft:dirt":25,"minecraft:bone":16,"minecraft:apple":2,"minecraft:wheat_seeds":1,"minecraft:iron_ingot":1,"minecraft:stone_pickaxe":1,"minecraft:bamboo":248,"minecraft:moss_block":1,"minecraft:smooth_basalt":1,"minecraft:amethyst_shard":12,"minecraft:diamond":22,"minecraft:granite":3,"minecraft:bone_meal":6,"minecraft:netherrack":1,"minecraft:coal":43},"minecraft:dropped":{"minecraft:stone_hoe":1,"minecraft:birch_planks":2,"minecraft:wheat_seeds":1,"minecraft:granite":1,"minecraft:torch":2,"minecraft:wooden_axe":1,"minecraft:melon_slice":32,"minecraft:string":2,"minecraft:furnace":1,"minecraft:stone_axe":1,"minecraft:tuff":1,"minecraft:birch_sapling":2,"minecraft:rotten_flesh":1,"minecraft:stone_pickaxe":2,"minecraft:wooden_pickaxe":1},"minecraft:killed":{"minecraft:spider":2,"minecraft:skeleton":13,"minecraft:chicken":1,"minecraft:zombie_villager":1,"minecraft:hoglin":2,"minecraft:zombie":19},"minecraft:custom":{"minecraft:mob_kills":38,"minecraft:interact_with_crafting_table":15,"minecraft:leave_game":1,"minecraft:time_since_death":78619,"minecraft:climb_one_cm":706,"minecraft:sprint_one_cm":98659,"minecraft:walk_one_cm":269237,"minecraft:damage_blocked_by_shield":1280,"minecraft:drop":17,"minecraft:talked_to_villager":3,"minecraft:play_time":81705,"minecraft:deaths":1,"minecraft:sneak_time":10744,"minecraft:walk_under_water_one_cm":9629,"minecraft:jump":1252,"minecraft:walk_on_water_one_cm":26109,"minecraft:total_world_time":81705,"minecraft:interact_with_furnace":33,"minecraft:time_since_rest":78649,"minecraft:damage_taken":1250,"minecraft:damage_dealt":8094,"minecraft:swim_one_cm":4121,"minecraft:fly_one_cm":100589,"minecraft:player_kills":1,"minecraft:open_chest":16,"minecraft:crouch_one_cm":39432,"minecraft:interact_with_smoker":6,"minecraft:fall_one_cm":22199},"minecraft:mined":{"minecraft:tuff":1,"minecraft:farmland":2,"minecraft:dark_oak_leaves":66,"minecraft:deepslate_diamond_ore":23,"minecraft:obsidian":11,"minecraft:granite":3,"minecraft:brown_mushroom_block":90,"minecraft:moss_block":1,"minecraft:crimson_stem":13,"minecraft:furnace":4,"minecraft:carrots":4,"minecraft:cobbled_deepslate":4,"minecraft:iron_ore":52,"minecraft:andesite":4,"minecraft:deepslate_lapis_ore":8,"minecraft:potatoes":45,"minecraft:cave_vines":1,"minecraft:deepslate_iron_ore":31,"minecraft:bamboo":25,"minecraft:stone":53,"minecraft:bone_block":14,"minecraft:amethyst_cluster":3,"minecraft:crafting_table":6,"minecraft:short_grass":2,"minecraft:calcite":282,"minecraft:mushroom_stem":9,"minecraft:lapis_ore":5,"minecraft:sugar_cane":2,"minecraft:diorite":7,"minecraft:wall_torch":2,"minecraft:birch_log":16,"minecraft:birch_leaves":2,"minecraft:coal_ore":29,"minecraft:dirt":9,"minecraft:smooth_basalt":2,"minecraft:deepslate":39,"minecraft:fern":2},"minecraft:crafted":{"minecraft:furnace":1,"minecraft:bone_meal":165,"minecraft:iron_boots":1,"minecraft:iron_axe":1,"minecraft:stone_pickaxe":1,"minecraft:chest":4,"minecraft:stone_hoe":1,"minecraft:crimson_planks":48,"minecraft:crafting_table":1,"minecraft:iron_helmet":1,"minecraft:wooden_pickaxe":1,"minecraft:baked_potato":34,"minecraft:iron_sword":1,"minecraft:bucket":1,"minecraft:birch_planks":64,"minecraft:stone_axe":1,"minecraft:air":0,"minecraft:iron_chestplate":1,"minecraft:diamond_pickaxe":1,"minecraft:shield":1,"minecraft:stick":32,"minecraft:iron_ingot":42,"minecraft:iron_pickaxe":1,"minecraft:wooden_axe":1,"minecraft:iron_leggings":1,"minecraft:torch":8},"minecraft:broken":{"minecraft:iron_pickaxe":1}},"DataVersion":3953}