{"stats":{"minecraft:used":{"minecraft:moss_block":1,"minecraft:diorite":7,"minecraft:water_bucket":10,"minecraft:stone_pickaxe":93,"minecraft:baked_potato":9,"minecraft:chest":4,"minecraft:wooden_pickaxe":3,"minecraft:shield":38,"minecraft:iron_sword":97,"minecraft:stone_hoe":2,"minecraft:rotten_flesh":15,"minecraft:torch":9,"minecraft:glow_berries":13,"minecraft:dirt":23,"minecraft:crafting_table":6,"minecraft:carrot":6,"minecraft:granite":2,"minecraft:wooden_axe":15,"minecraft:diamond_pickaxe":214,"minecraft:iron_axe":100,"minecraft:chicken":1,"minecraft:iron_pickaxe":250,"minecraft:smooth_basalt":1,"minecraft:stone_axe":31,"minecraft:cobblestone":25,"minecraft:furnace":3,"minecraft:andesite":4,"minecraft:bucket":11,"minecraft:potato":12,"minecraft:cobbled_deepslate":42,"minecraft:bone_meal":30},"minecraft:picked_up":{"minecraft:wooden_axe":1,"minecraft:birch_log":16,"minecraft:crafting_table":7,"minecraft:feather":2,"minecraft:chicken":1,"minecraft:andesite":4,"minecraft:brown_mushroom":33,"minecraft:potato":45,"minecraft:birch_planks":57,"minecraft:tuff":1,"minecraft:dirt":23,"minecraft:lapis_lazuli":88,"minecraft:string":2,"minecraft:bone":13,"minecraft:apple":2,"minecraft:wheat_seeds":1,"minecraft:cobbled_deepslate":44,"minecraft:iron_ingot":1,"minecraft:stone_pickaxe":1,"minecraft:calcite":280,"minecraft:bamboo":248,"minecraft:sugar_cane":4,"minecraft:moss_block":1,"minecraft:birch_sapling":3,"minecraft:furnace":3,"minecraft:dark_oak_sapling":5,"minecraft:stick":4,"minecraft:raw_iron":90,"minecraft:smooth_basalt":1,"minecraft:torch":3,"minecraft:amethyst_shard":12,"minecraft:diorite":7,"minecraft:carrot":16,"minecraft:arrow":11,"minecraft:rotten_flesh":16,"minecraft:diamond":22,"minecraft:granite":3,"minecraft:glow_berries":13,"minecraft:obsidian":10,"minecraft:coal":31,"minecraft:cobblestone":53},"minecraft:dropped":{"minecraft:stone_hoe":1,"minecraft:stone_axe":1,"minecraft:birch_planks":2,"minecraft:tuff":1,"minecraft:birch_sapling":2,"minecraft:rotten_flesh":1,"minecraft:granite":1,"minecraft:torch":2,"minecraft:wooden_axe":1,"minecraft:wooden_pickaxe":1,"minecraft:stone_pickaxe":2,"minecraft:string":2},"minecraft:killed":{"minecraft:zombie_villager":1,"minecraft:spider":2,"minecraft:skeleton":10,"minecraft:zombie":17,"minecraft:chicken":1},"minecraft:custom":{"minecraft:interact_with_furnace":25,"minecraft:mob_kills":31,"minecraft:interact_with_crafting_table":15,"minecraft:leave_game":1,"minecraft:time_since_death":66619,"minecraft:climb_one_cm":48,"minecraft:time_since_rest":66649,"minecraft:sprint_one_cm":80120,"minecraft:damage_taken":1112,"minecraft:walk_one_cm":221293,"minecraft:damage_blocked_by_shield":1190,"minecraft:drop":14,"minecraft:damage_dealt":6304,"minecraft:swim_one_cm":4121,"minecraft:player_kills":1,"minecraft:fly_one_cm":80747,"minecraft:open_chest":8,"minecraft:crouch_one_cm":36940,"minecraft:play_time":69705,"minecraft:deaths":1,"minecraft:sneak_time":9921,"minecraft:walk_under_water_one_cm":9629,"minecraft:jump":1054,"minecraft:walk_on_water_one_cm":26109,"minecraft:total_world_time":69705,"minecraft:fall_one_cm":17188},"minecraft:mined":{"minecraft:tuff":1,"minecraft:farmland":2,"minecraft:dark_oak_leaves":66,"minecraft:deepslate_diamond_ore":23,"minecraft:amethyst_cluster":3,"minecraft:obsidian":11,"minecraft:crafting_table":6,"minecraft:granite":3,"minecraft:short_grass":2,"minecraft:calcite":282,"minecraft:mushroom_stem":9,"minecraft:brown_mushroom_block":90,"minecraft:lapis_ore":5,"minecraft:sugar_cane":2,"minecraft:moss_block":1,"minecraft:diorite":7,"minecraft:wall_torch":2,"minecraft:furnace":3,"minecraft:carrots":4,"minecraft:birch_log":16,"minecraft:iron_ore":52,"minecraft:cobbled_deepslate":4,"minecraft:andesite":4,"minecraft:birch_leaves":2,"minecraft:deepslate_lapis_ore":8,"minecraft:potatoes":13,"minecraft:coal_ore":29,"minecraft:cave_vines":1,"minecraft:deepslate_iron_ore":31,"minecraft:dirt":7,"minecraft:smooth_basalt":2,"minecraft:bamboo":25,"minecraft:stone":53,"minecraft:deepslate":39,"minecraft:fern":2},"minecraft:crafted":{"minecraft:crafting_table":1,"minecraft:wooden_pickaxe":1,"minecraft:baked_potato":24,"minecraft:iron_helmet":1,"minecraft:iron_sword":1,"minecraft:furnace":1,"minecraft:bucket":1,"minecraft:bone_meal":30,"minecraft:birch_planks":64,"minecraft:stone_axe":1,"minecraft:air":0,"minecraft:iron_boots":1,"minecraft:iron_chestplate":1,"minecraft:diamond_pickaxe":1,"minecraft:shield":1,"minecraft:iron_axe":1,"minecraft:stick":32,"minecraft:iron_ingot":42,"minecraft:iron_pickaxe":1,"minecraft:stone_pickaxe":1,"minecraft:wooden_axe":1,"minecraft:chest":4,"minecraft:iron_leggings":1,"minecraft:torch":8,"minecraft:stone_hoe":1},"minecraft:broken":{"minecraft:iron_pickaxe":1}},"DataVersion":3953}