{"stats":{"minecraft:custom":{"minecraft:mob_kills":69,"minecraft:interact_with_crafting_table":20,"minecraft:leave_game":2,"minecraft:time_since_death":170743,"minecraft:climb_one_cm":2049,"minecraft:sprint_one_cm":229128,"minecraft:walk_one_cm":543154,"minecraft:damage_blocked_by_shield":2436,"minecraft:drop":156,"minecraft:talked_to_villager":3,"minecraft:play_time":173829,"minecraft:deaths":1,"minecraft:sneak_time":35531,"minecraft:walk_under_water_one_cm":9702,"minecraft:jump":2492,"minecraft:walk_on_water_one_cm":29584,"minecraft:total_world_time":173829,"minecraft:interact_with_furnace":37,"minecraft:sleep_in_bed":7,"minecraft:time_since_rest":3918,"minecraft:damage_taken":3365,"minecraft:damage_dealt":16505,"minecraft:swim_one_cm":4121,"minecraft:player_kills":1,"minecraft:fly_one_cm":242493,"minecraft:open_chest":71,"minecraft:crouch_one_cm":147337,"minecraft:interact_with_smoker":17,"minecraft:fall_one_cm":46741},"minecraft:crafted":{"minecraft:smooth_stone":3,"minecraft:smooth_stone_slab":6,"minecraft:furnace":1,"minecraft:stone":3,"minecraft:bone_meal":165,"minecraft:iron_boots":1,"minecraft:iron_axe":1,"minecraft:stone_pickaxe":1,"minecraft:chest":6,"minecraft:stone_hoe":1,"minecraft:crimson_planks":56,"minecraft:diamond_sword":1,"minecraft:crafting_table":2,"minecraft:iron_helmet":2,"minecraft:wooden_pickaxe":1,"minecraft:baked_potato":69,"minecraft:iron_sword":1,"minecraft:bucket":1,"minecraft:birch_planks":64,"minecraft:stone_axe":1,"minecraft:air":0,"minecraft:iron_chestplate":2,"minecraft:diamond_pickaxe":1,"minecraft:shield":2,"minecraft:stick":44,"minecraft:iron_ingot":51,"minecraft:iron_pickaxe":1,"minecraft:wooden_axe":1,"minecraft:iron_leggings":2,"minecraft:armor_stand":1,"minecraft:torch":8},"minecraft:mined":{"minecraft:nether_gold_ore":8,"minecraft:tuff":1,"minecraft:farmland":2,"minecraft:dark_oak_leaves":66,"minecraft:deepslate_diamond_ore":23,"minecraft:obsidian":11,"minecraft:granite":3,"minecraft:grass_block":4,"minecraft:cracked_polished_blackstone_bricks":2,"minecraft:brown_mushroom_block":90,"minecraft:moss_block":1,"minecraft:crimson_stem":15,"minecraft:polished_blackstone_bricks":4,"minecraft:weeping_vines_plant":1,"minecraft:furnace":4,"minecraft:carrots":7,"minecraft:iron_ore":52,"minecraft:cobbled_deepslate":4,"minecraft:fire":21,"minecraft:andesite":4,"minecraft:deepslate_lapis_ore":8,"minecraft:bookshelf":4,"minecraft:potatoes":45,"minecraft:cave_vines":1,"minecraft:deepslate_iron_ore":31,"minecraft:bamboo":25,"minecraft:stone":53,"minecraft:bone_block":14,"minecraft:crimson_nylium":55,"minecraft:soul_fire":1,"minecraft:amethyst_cluster":3,"minecraft:basalt":14,"minecraft:dandelion":6,"minecraft:crafting_table":7,"minecraft:short_grass":4,"minecraft:calcite":282,"minecraft:mushroom_stem":9,"minecraft:nether_quartz_ore":30,"minecraft:lapis_ore":5,"minecraft:sugar_cane":2,"minecraft:diorite":7,"minecraft:wall_torch":2,"minecraft:warped_nylium":29,"minecraft:nether_wart_block":8,"minecraft:birch_log":16,"minecraft:birch_leaves":2,"minecraft:coal_ore":29,"minecraft:dirt":10,"minecraft:smooth_basalt":2,"minecraft:netherrack":957,"minecraft:deepslate":39,"minecraft:fern":2},"minecraft:picked_up":{"minecraft:wooden_axe":1,"minecraft:crafting_table":11,"minecraft:iron_chestplate":3,"minecraft:chicken":1,"minecraft:nether_brick_fence":3,"minecraft:nether_wart":25,"minecraft:brown_mushroom":33,"minecraft:wooden_pickaxe":3,"minecraft:diamond_horse_armor":2,"minecraft:gilded_blackstone":5,"minecraft:knowledge_book":1,"minecraft:shield":1,"minecraft:golden_sword":3,"minecraft:string":5,"minecraft:soul_soil":5,"minecraft:item_frame":1,"minecraft:iron_leggings":2,"minecraft:armor_stand":1,"minecraft:blackstone":3,"minecraft:cobbled_deepslate":44,"minecraft:oak_boat":3,"minecraft:calcite":280,"minecraft:iron_nugget":48,"minecraft:melon_slice":83,"minecraft:sugar_cane":4,"minecraft:birch_sapling":3,"minecraft:furnace":7,"minecraft:dark_oak_sapling":5,"minecraft:stick":4,"minecraft:raw_iron":90,"minecraft:torch":4,"minecraft:porkchop":75,"minecraft:polished_blackstone_bricks":41,"minecraft:golden_axe":2,"minecraft:diorite":7,"minecraft:carrot":27,"minecraft:golden_chestplate":3,"minecraft:arrow":62,"minecraft:rotten_flesh":21,"minecraft:nether_bricks":6,"minecraft:gold_ingot":16,"minecraft:blaze_rod":3,"minecraft:glow_berries":13,"minecraft:obsidian":31,"minecraft:bone_block":22,"minecraft:cobblestone":56,"minecraft:birch_log":34,"minecraft:cooked_beef":15,"minecraft:feather":2,"minecraft:basalt":8,"minecraft:golden_carrot":5,"minecraft:water_bucket":1,"minecraft:crimson_stem":16,"minecraft:andesite":4,"minecraft:leather":21,"minecraft:potato":153,"minecraft:birch_planks":63,"minecraft:tuff":1,"minecraft:golden_boots":4,"minecraft:nether_wart_block":8,"minecraft:lapis_lazuli":88,"minecraft:dirt":66,"minecraft:cooked_mutton":27,"minecraft:bone":31,"minecraft:apple":2,"minecraft:wheat_seeds":2,"minecraft:iron_ingot":1,"minecraft:stone_pickaxe":7,"minecraft:glowstone_dust":19,"minecraft:bamboo":248,"minecraft:moss_block":1,"minecraft:iron_sword":2,"minecraft:book":12,"minecraft:warped_fungus":1,"minecraft:smooth_basalt":1,"minecraft:quartz":58,"minecraft:dandelion":6,"minecraft:amethyst_shard":12,"minecraft:white_bed":1,"minecraft:diamond":23,"minecraft:rib_armor_trim_smithing_template":1,"minecraft:cracked_polished_blackstone_bricks":29,"minecraft:iron_helmet":3,"minecraft:crossbow":3,"minecraft:granite":3,"minecraft:bone_meal":6,"minecraft:piglin_banner_pattern":1,"minecraft:netherrack":760,"minecraft:coal":45,"minecraft:crimson_roots":28,"minecraft:diamond_pickaxe":4},"minecraft:broken":{"minecraft:golden_boots":1,"minecraft:iron_pickaxe":1},"minecraft:dropped":{"minecraft:stone_hoe":1,"minecraft:golden_boots":3,"minecraft:crimson_stem":2,"minecraft:iron_sword":2,"minecraft:birch_planks":8,"minecraft:porkchop":30,"minecraft:wheat_seeds":2,"minecraft:warped_fungus":1,"minecraft:cooked_beef":15,"minecraft:baked_potato":37,"minecraft:crafting_table":2,"minecraft:crossbow":3,"minecraft:golden_axe":3,"minecraft:iron_helmet":2,"minecraft:granite":1,"minecraft:coal":2,"minecraft:stick":16,"minecraft:cracked_polished_blackstone_bricks":29,"minecraft:dirt":34,"minecraft:torch":3,"minecraft:crimson_roots":28,"minecraft:wooden_axe":1,"minecraft:nether_wart_block":7,"minecraft:melon_slice":83,"minecraft:iron_leggings":2,"minecraft:iron_axe":1,"minecraft:string":2,"minecraft:gold_ingot":14,"minecraft:furnace":4,"minecraft:stone_axe":1,"minecraft:iron_nugget":48,"minecraft:golden_chestplate":4,"minecraft:tuff":1,"minecraft:birch_sapling":2,"minecraft:obsidian":15,"minecraft:rotten_flesh":3,"minecraft:iron_boots":1,"minecraft:cooked_mutton":27,"minecraft:nether_brick_fence":3,"minecraft:nether_bricks":6,"minecraft:carrot":1,"minecraft:diamond_sword":1,"minecraft:shield":1,"minecraft:diamond_pickaxe":6,"minecraft:iron_chestplate":2,"minecraft:oak_boat":3,"minecraft:golden_sword":3,"minecraft:basalt":8,"minecraft:arrow":62,"minecraft:stone_pickaxe":8,"minecraft:wooden_pickaxe":4,"minecraft:quartz":12,"minecraft:netherrack":77,"minecraft:water_bucket":2},"minecraft:killed":{"minecraft:spider":2,"minecraft:skeleton":20,"minecraft:chicken":1,"minecraft:piglin_brute":3,"minecraft:piglin":4,"minecraft:zombie_villager":1,"minecraft:hoglin":4,"minecraft:zombie":21,"minecraft:wither_skeleton":4,"minecraft:enderman":2,"minecraft:blaze":3},"minecraft:used":{"minecraft:moss_block":1,"minecraft:writable_book":1,"minecraft:armor_stand":2,"minecraft:chest":6,"minecraft:shield":72,"minecraft:iron_sword":128,"minecraft:rotten_flesh":15,"minecraft:stone_hoe":2,"minecraft:netherrack":572,"minecraft:torch":9,"minecraft:dirt":32,"minecraft:carrot":12,"minecraft:granite":2,"minecraft:wooden_axe":15,"minecraft:iron_axe":116,"minecraft:crimson_planks":2,"minecraft:item_frame":1,"minecraft:smooth_basalt":1,"minecraft:golden_carrot":12,"minecraft:furnace":4,"minecraft:potato":44,"minecraft:cobbled_deepslate":42,"minecraft:water_bucket":12,"minecraft:diorite":7,"minecraft:stone_pickaxe":93,"minecraft:baked_potato":31,"minecraft:wooden_pickaxe":3,"minecraft:polished_blackstone_bricks":41,"minecraft:glow_berries":13,"minecraft:crafting_table":9,"minecraft:white_bed":1,"minecraft:diamond_pickaxe":1336,"minecraft:chicken":1,"minecraft:iron_pickaxe":250,"minecraft:stone_axe":31,"minecraft:diamond_sword":141,"minecraft:cobblestone":25,"minecraft:andesite":4,"minecraft:bucket":13,"minecraft:dandelion":6,"minecraft:bone_meal":107}},"DataVersion":3953}