{"stats":{"minecraft:used":{"minecraft:moss_block":1,"minecraft:water_bucket":9,"minecraft:stone_pickaxe":93,"minecraft:baked_potato":3,"minecraft:shield":29,"minecraft:wooden_pickaxe":3,"minecraft:iron_sword":39,"minecraft:stone_hoe":2,"minecraft:rotten_flesh":15,"minecraft:torch":8,"minecraft:glow_berries":13,"minecraft:dirt":3,"minecraft:crafting_table":5,"minecraft:granite":2,"minecraft:wooden_axe":15,"minecraft:diamond_pickaxe":12,"minecraft:chicken":1,"minecraft:iron_pickaxe":94,"minecraft:stone_axe":31,"minecraft:cobblestone":21,"minecraft:furnace":2,"minecraft:bucket":9,"minecraft:potato":12,"minecraft:cobbled_deepslate":32,"minecraft:bone_meal":30},"minecraft:picked_up":{"minecraft:wooden_axe":1,"minecraft:birch_log":16,"minecraft:crafting_table":6,"minecraft:feather":2,"minecraft:chicken":1,"minecraft:potato":40,"minecraft:birch_planks":55,"minecraft:tuff":1,"minecraft:string":2,"minecraft:lapis_lazuli":88,"minecraft:dirt":3,"minecraft:bone":10,"minecraft:cobbled_deepslate":44,"minecraft:iron_ingot":1,"minecraft:stone_pickaxe":1,"minecraft:moss_block":1,"minecraft:birch_sapling":3,"minecraft:furnace":2,"minecraft:stick":2,"minecraft:raw_iron":66,"minecraft:torch":3,"minecraft:arrow":9,"minecraft:rotten_flesh":16,"minecraft:diamond":22,"minecraft:granite":3,"minecraft:glow_berries":13,"minecraft:obsidian":10,"minecraft:coal":13,"minecraft:cobblestone":35},"minecraft:dropped":{"minecraft:stone_axe":1,"minecraft:birch_sapling":2,"minecraft:wooden_axe":1,"minecraft:wooden_pickaxe":1,"minecraft:stone_pickaxe":1},"minecraft:killed":{"minecraft:spider":1,"minecraft:skeleton":6,"minecraft:zombie":15,"minecraft:chicken":1},"minecraft:custom":{"minecraft:interact_with_furnace":20,"minecraft:mob_kills":23,"minecraft:interact_with_crafting_table":12,"minecraft:time_since_death":44878,"minecraft:climb_one_cm":48,"minecraft:time_since_rest":44908,"minecraft:sprint_one_cm":41762,"minecraft:damage_taken":839,"minecraft:walk_one_cm":148546,"minecraft:damage_blocked_by_shield":975,"minecraft:drop":6,"minecraft:damage_dealt":4563,"minecraft:swim_one_cm":4121,"minecraft:player_kills":1,"minecraft:fly_one_cm":32307,"minecraft:crouch_one_cm":21361,"minecraft:play_time":47964,"minecraft:deaths":1,"minecraft:sneak_time":6761,"minecraft:walk_under_water_one_cm":8017,"minecraft:jump":637,"minecraft:walk_on_water_one_cm":25179,"minecraft:total_world_time":47964,"minecraft:fall_one_cm":11696},"minecraft:mined":{"minecraft:tuff":1,"minecraft:farmland":1,"minecraft:deepslate_diamond_ore":23,"minecraft:obsidian":11,"minecraft:crafting_table":5,"minecraft:granite":3,"minecraft:short_grass":1,"minecraft:lapis_ore":5,"minecraft:moss_block":1,"minecraft:wall_torch":2,"minecraft:furnace":2,"minecraft:birch_log":16,"minecraft:iron_ore":34,"minecraft:cobbled_deepslate":4,"minecraft:birch_leaves":2,"minecraft:deepslate_lapis_ore":8,"minecraft:potatoes":11,"minecraft:coal_ore":11,"minecraft:cave_vines":1,"minecraft:deepslate_iron_ore":26,"minecraft:dirt":2,"minecraft:stone":35,"minecraft:deepslate":39},"minecraft:crafted":{"minecraft:crafting_table":1,"minecraft:baked_potato":24,"minecraft:wooden_pickaxe":1,"minecraft:iron_helmet":1,"minecraft:iron_sword":1,"minecraft:furnace":1,"minecraft:bone_meal":30,"minecraft:bucket":1,"minecraft:birch_planks":64,"minecraft:stone_axe":1,"minecraft:air":0,"minecraft:iron_boots":1,"minecraft:iron_chestplate":1,"minecraft:diamond_pickaxe":1,"minecraft:shield":1,"minecraft:stick":28,"minecraft:iron_ingot":34,"minecraft:iron_pickaxe":1,"minecraft:stone_pickaxe":1,"minecraft:wooden_axe":1,"minecraft:iron_leggings":1,"minecraft:torch":8,"minecraft:stone_hoe":1}},"DataVersion":3953}