{"stats":{"minecraft:used":{"minecraft:cooked_mutton":2,"minecraft:birch_planks":1,"minecraft:stone_pickaxe":68,"minecraft:wooden_pickaxe":6,"minecraft:chest":1,"minecraft:shield":6,"minecraft:iron_sword":47,"minecraft:cooked_chicken":1,"minecraft:iron_chestplate":2,"minecraft:torch":85,"minecraft:dirt":2,"minecraft:sand":1,"minecraft:crafting_table":4,"minecraft:iron_block":9,"minecraft:iron_pickaxe":546,"minecraft:gravel":5,"minecraft:stone_axe":65,"minecraft:cobblestone":4,"minecraft:furnace":3,"minecraft:cooked_porkchop":1,"minecraft:andesite":8},"minecraft:picked_up":{"minecraft:birch_log":68,"minecraft:crafting_table":3,"minecraft:feather":7,"minecraft:chicken":6,"minecraft:andesite":45,"minecraft:birch_planks":2,"minecraft:flint":1,"minecraft:gunpowder":3,"minecraft:lapis_lazuli":131,"minecraft:dirt":19,"minecraft:raw_copper":12,"minecraft:bone":4,"minecraft:cobbled_deepslate":9,"minecraft:raw_gold":3,"minecraft:iron_pickaxe":1,"minecraft:sugar_cane":13,"minecraft:birch_sapling":1,"minecraft:iron_sword":1,"minecraft:furnace":2,"minecraft:egg":5,"minecraft:raw_iron":124,"minecraft:stick":10,"minecraft:smooth_basalt":4,"minecraft:torch":4,"minecraft:gravel":15,"minecraft:sand":1,"minecraft:porkchop":5,"minecraft:amethyst_shard":4,"minecraft:diorite":3,"minecraft:carrot":1,"minecraft:spider_eye":1,"minecraft:arrow":2,"minecraft:rotten_flesh":3,"minecraft:diamond":7,"minecraft:iron_block":9,"minecraft:granite":32,"minecraft:golden_apple":1,"minecraft:gray_wool":1,"minecraft:mutton":9,"minecraft:coal":103,"minecraft:white_wool":4,"minecraft:rail":2,"minecraft:cobblestone":283},"minecraft:dropped":{"minecraft:iron_sword":1,"minecraft:diamond":2,"minecraft:cooked_porkchop":1,"minecraft:stone_pickaxe":1,"minecraft:iron_pickaxe":1},"minecraft:killed":{"minecraft:pig":2,"minecraft:creeper":1,"minecraft:sheep":6,"minecraft:skeleton":1,"minecraft:zombie":5,"minecraft:chicken":6},"minecraft:custom":{"minecraft:interact_with_furnace":32,"minecraft:mob_kills":23,"minecraft:interact_with_crafting_table":26,"minecraft:time_since_death":19074,"minecraft:time_since_rest":19115,"minecraft:sprint_one_cm":3582,"minecraft:damage_taken":760,"minecraft:walk_one_cm":349411,"minecraft:damage_blocked_by_shield":222,"minecraft:drop":6,"minecraft:damage_dealt":3063,"minecraft:fly_one_cm":3846,"minecraft:open_chest":12,"minecraft:crouch_one_cm":2969,"minecraft:play_time":59965,"minecraft:deaths":1,"minecraft:sneak_time":1059,"minecraft:walk_under_water_one_cm":5823,"minecraft:jump":739,"minecraft:walk_on_water_one_cm":23720,"minecraft:total_world_time":59965,"minecraft:fall_one_cm":8897},"minecraft:mined":{"minecraft:large_amethyst_bud":1,"minecraft:deepslate_diamond_ore":1,"minecraft:medium_amethyst_bud":1,"minecraft:amethyst_cluster":1,"minecraft:crafting_table":3,"minecraft:torch":2,"minecraft:granite":32,"minecraft:short_grass":1,"minecraft:grass_block":1,"minecraft:copper_ore":3,"minecraft:lapis_ore":20,"minecraft:sugar_cane":13,"minecraft:diorite":3,"minecraft:wall_torch":1,"minecraft:furnace":2,"minecraft:birch_log":62,"minecraft:iron_ore":125,"minecraft:andesite":45,"minecraft:birch_leaves":7,"minecraft:coal_ore":63,"minecraft:small_amethyst_bud":2,"minecraft:deepslate_iron_ore":1,"minecraft:rail":1,"minecraft:gravel":13,"minecraft:sand":1,"minecraft:dirt":1,"minecraft:smooth_basalt":4,"minecraft:stone":283,"minecraft:iron_block":9,"minecraft:gold_ore":3},"minecraft:killed_by":{"minecraft:skeleton":1},"minecraft:crafted":{"minecraft:cooked_porkchop":2,"minecraft:crafting_table":2,"minecraft:iron_helmet":1,"minecraft:wooden_pickaxe":1,"minecraft:cooked_chicken":5,"minecraft:iron_sword":1,"minecraft:furnace":3,"minecraft:birch_planks":88,"minecraft:stone_axe":1,"minecraft:cooked_mutton":6,"minecraft:air":0,"minecraft:iron_boots":1,"minecraft:iron_chestplate":2,"minecraft:shield":1,"minecraft:stick":52,"minecraft:iron_ingot":113,"minecraft:iron_pickaxe":4,"minecraft:stone_pickaxe":1,"minecraft:iron_block":9,"minecraft:chest":1,"minecraft:iron_leggings":1,"minecraft:torch":144},"minecraft:broken":{"minecraft:iron_pickaxe":2}},"DataVersion":3953}