{"stats":{"minecraft:used":{"minecraft:stone_axe":65,"minecraft:dirt":2,"minecraft:sand":1,"minecraft:cobblestone":1,"minecraft:crafting_table":2,"minecraft:stone_pickaxe":10,"minecraft:andesite":8,"minecraft:wooden_pickaxe":6},"minecraft:picked_up":{"minecraft:birch_log":62,"minecraft:stick":8,"minecraft:crafting_table":2,"minecraft:andesite":8,"minecraft:birch_planks":2,"minecraft:sand":1,"minecraft:birch_sapling":1,"minecraft:dirt":2,"minecraft:cobblestone":8},"minecraft:custom":{"minecraft:time_since_rest":5965,"minecraft:crouch_one_cm":1193,"minecraft:play_time":5965,"minecraft:sprint_one_cm":2016,"minecraft:damage_taken":60,"minecraft:walk_one_cm":27240,"minecraft:sneak_time":302,"minecraft:jump":99,"minecraft:damage_dealt":10,"minecraft:walk_on_water_one_cm":337,"minecraft:time_since_death":5965,"minecraft:total_world_time":5965,"minecraft:fall_one_cm":2013,"minecraft:interact_with_crafting_table":3,"minecraft:fly_one_cm":1297},"minecraft:mined":{"minecraft:grass_block":1,"minecraft:dirt":1,"minecraft:sand":1,"minecraft:birch_log":62,"minecraft:andesite":8,"minecraft:stone":8,"minecraft:birch_leaves":7,"minecraft:crafting_table":2},"minecraft:crafted":{"minecraft:birch_planks":24,"minecraft:stone_axe":1,"minecraft:crafting_table":1,"minecraft:stick":4,"minecraft:stone_pickaxe":1,"minecraft:wooden_pickaxe":1}},"DataVersion":3953}