{"stats":{"minecraft:used":{"minecraft:chest":1,"minecraft:shield":12,"minecraft:iron_sword":201,"minecraft:cooked_chicken":1,"minecraft:iron_chestplate":2,"minecraft:torch":87,"minecraft:dirt":12,"minecraft:iron_block":11,"minecraft:furnace":5,"minecraft:golden_axe":16,"minecraft:cooked_mutton":5,"minecraft:diorite":3,"minecraft:birch_planks":1,"minecraft:stone_pickaxe":68,"minecraft:wooden_pickaxe":6,"minecraft:sand":1,"minecraft:crafting_table":5,"minecraft:white_bed":1,"minecraft:melon_slice":28,"minecraft:iron_pickaxe":588,"minecraft:gravel":5,"minecraft:stone_axe":65,"minecraft:cobblestone":22,"minecraft:cooked_porkchop":1,"minecraft:andesite":8},"minecraft:picked_up":{"minecraft:cocoa_beans":3,"minecraft:crafting_table":3,"minecraft:iron_chestplate":1,"minecraft:chicken":13,"minecraft:brown_mushroom":1,"minecraft:soul_soil":5,"minecraft:string":3,"minecraft:raw_copper":12,"minecraft:iron_leggings":1,"minecraft:cobbled_deepslate":9,"minecraft:beef":31,"minecraft:iron_pickaxe":2,"minecraft:melon_slice":49,"minecraft:sugar_cane":13,"minecraft:birch_sapling":9,"minecraft:egg":8,"minecraft:iron_boots":1,"minecraft:furnace":4,"minecraft:stick":24,"minecraft:raw_iron":126,"minecraft:torch":7,"minecraft:porkchop":22,"minecraft:diorite":6,"minecraft:carrot":1,"minecraft:redstone":10,"minecraft:rotten_flesh":5,"minecraft:arrow":5,"minecraft:iron_block":20,"minecraft:mutton":20,"minecraft:bone_block":8,"minecraft:rail":2,"minecraft:white_wool":11,"minecraft:cobblestone":433,"minecraft:birch_log":68,"minecraft:feather":17,"minecraft:andesite":76,"minecraft:leather":12,"minecraft:birch_planks":2,"minecraft:flint":1,"minecraft:crimson_fungus":1,"minecraft:oak_log":3,"minecraft:nether_wart_block":1,"minecraft:gunpowder":3,"minecraft:lapis_lazuli":131,"minecraft:dirt":32,"minecraft:cooked_mutton":2,"minecraft:bone":9,"minecraft:wheat_seeds":1,"minecraft:raw_gold":3,"minecraft:iron_ingot":8,"minecraft:glowstone_dust":2,"minecraft:iron_sword":3,"minecraft:smooth_basalt":4,"minecraft:gravel":25,"minecraft:sand":1,"minecraft:amethyst_shard":4,"minecraft:spider_eye":3,"minecraft:diamond":7,"minecraft:iron_helmet":1,"minecraft:granite":54,"minecraft:golden_apple":1,"minecraft:gray_wool":1,"minecraft:netherrack":20,"minecraft:black_wool":1,"minecraft:coal":123,"minecraft:mangrove_propagule":1,"minecraft:crimson_roots":5},"minecraft:dropped":{"minecraft:iron_sword":1,"minecraft:diamond":2,"minecraft:cooked_porkchop":1,"minecraft:golden_axe":1,"minecraft:iron_pickaxe":1,"minecraft:spider_eye":2,"minecraft:stone_pickaxe":1,"minecraft:beef":2},"minecraft:killed":{"minecraft:witch":1,"minecraft:spider":4,"minecraft:skeleton":3,"minecraft:chicken":11,"minecraft:piglin":5,"minecraft:pig":7,"minecraft:hoglin":3,"minecraft:creeper":2,"minecraft:sheep":13,"minecraft:zombie":7,"minecraft:cow":9},"minecraft:custom":{"minecraft:mob_kills":67,"minecraft:interact_with_crafting_table":30,"minecraft:bell_ring":4,"minecraft:time_since_death":30105,"minecraft:climb_one_cm":5143,"minecraft:sprint_one_cm":46467,"minecraft:walk_one_cm":630526,"minecraft:damage_blocked_by_shield":447,"minecraft:drop":9,"minecraft:play_time":95965,"minecraft:deaths":2,"minecraft:sneak_time":1225,"minecraft:walk_under_water_one_cm":9963,"minecraft:jump":1561,"minecraft:walk_on_water_one_cm":33135,"minecraft:total_world_time":95965,"minecraft:interact_with_furnace":42,"minecraft:sleep_in_bed":1,"minecraft:time_since_rest":8507,"minecraft:damage_taken":1655,"minecraft:damage_dealt":8280,"minecraft:fly_one_cm":58696,"minecraft:open_chest":20,"minecraft:crouch_one_cm":3605,"minecraft:interact_with_smoker":3,"minecraft:fall_one_cm":27554},"minecraft:mined":{"minecraft:large_amethyst_bud":1,"minecraft:deepslate_diamond_ore":1,"minecraft:jungle_leaves":7,"minecraft:granite":32,"minecraft:grass_block":4,"minecraft:crimson_roots":5,"minecraft:soul_soil":5,"minecraft:crimson_fungus":1,"minecraft:weeping_vines_plant":1,"minecraft:furnace":2,"minecraft:iron_ore":125,"minecraft:andesite":45,"minecraft:deepslate_iron_ore":1,"minecraft:vine":1,"minecraft:rail":1,"minecraft:small_amethyst_bud":2,"minecraft:stone":283,"minecraft:iron_block":11,"minecraft:bone_block":8,"minecraft:brown_mushroom":1,"minecraft:crimson_nylium":7,"minecraft:medium_amethyst_bud":1,"minecraft:amethyst_cluster":1,"minecraft:crafting_table":3,"minecraft:torch":2,"minecraft:short_grass":20,"minecraft:melon":8,"minecraft:copper_ore":3,"minecraft:cobblestone":5,"minecraft:lapis_ore":20,"minecraft:sugar_cane":13,"minecraft:diorite":3,"minecraft:wall_torch":1,"minecraft:nether_wart_block":1,"minecraft:birch_log":62,"minecraft:birch_leaves":7,"minecraft:coal_ore":63,"minecraft:oak_log":2,"minecraft:cocoa":1,"minecraft:sand":1,"minecraft:gravel":13,"minecraft:dirt":1,"minecraft:smooth_basalt":4,"minecraft:netherrack":11,"minecraft:gold_ore":3},"minecraft:killed_by":{"minecraft:skeleton":2},"minecraft:crafted":{"minecraft:oak_planks":12,"minecraft:cooked_chicken":5,"minecraft:furnace":3,"minecraft:cooked_mutton":14,"minecraft:iron_boots":1,"minecraft:stone_pickaxe":1,"minecraft:chest":1,"minecraft:cooked_beef":10,"minecraft:cooked_porkchop":2,"minecraft:crafting_table":2,"minecraft:wooden_pickaxe":1,"minecraft:iron_helmet":1,"minecraft:iron_sword":2,"minecraft:birch_planks":88,"minecraft:stone_axe":1,"minecraft:air":0,"minecraft:iron_chestplate":2,"minecraft:shield":2,"minecraft:stick":52,"minecraft:iron_ingot":113,"minecraft:iron_pickaxe":4,"minecraft:iron_block":9,"minecraft:iron_leggings":1,"minecraft:white_bed":1,"minecraft:torch":144},"minecraft:broken":{"minecraft:iron_pickaxe":2}},"DataVersion":3953}