{"stats":{"minecraft:used":{"minecraft:cooked_mutton":5,"minecraft:birch_planks":1,"minecraft:stone_pickaxe":68,"minecraft:wooden_pickaxe":6,"minecraft:chest":1,"minecraft:shield":6,"minecraft:iron_sword":112,"minecraft:cooked_chicken":1,"minecraft:iron_chestplate":2,"minecraft:torch":87,"minecraft:dirt":12,"minecraft:sand":1,"minecraft:crafting_table":5,"minecraft:iron_block":9,"minecraft:iron_pickaxe":557,"minecraft:gravel":5,"minecraft:stone_axe":65,"minecraft:cobblestone":22,"minecraft:furnace":3,"minecraft:cooked_porkchop":1,"minecraft:andesite":8},"minecraft:picked_up":{"minecraft:birch_log":68,"minecraft:iron_chestplate":1,"minecraft:crafting_table":3,"minecraft:feather":17,"minecraft:chicken":12,"minecraft:andesite":76,"minecraft:leather":6,"minecraft:brown_mushroom":1,"minecraft:birch_planks":2,"minecraft:flint":1,"minecraft:gunpowder":3,"minecraft:string":3,"minecraft:lapis_lazuli":131,"minecraft:dirt":32,"minecraft:raw_copper":12,"minecraft:iron_leggings":1,"minecraft:cooked_mutton":2,"minecraft:bone":6,"minecraft:cobbled_deepslate":9,"minecraft:raw_gold":3,"minecraft:iron_ingot":8,"minecraft:beef":28,"minecraft:iron_pickaxe":2,"minecraft:glowstone_dust":2,"minecraft:sugar_cane":13,"minecraft:birch_sapling":9,"minecraft:iron_sword":2,"minecraft:iron_boots":1,"minecraft:furnace":4,"minecraft:egg":8,"minecraft:raw_iron":126,"minecraft:stick":23,"minecraft:smooth_basalt":4,"minecraft:torch":7,"minecraft:gravel":25,"minecraft:sand":1,"minecraft:porkchop":13,"minecraft:amethyst_shard":4,"minecraft:diorite":6,"minecraft:carrot":1,"minecraft:redstone":10,"minecraft:spider_eye":3,"minecraft:arrow":2,"minecraft:rotten_flesh":5,"minecraft:diamond":7,"minecraft:iron_helmet":1,"minecraft:iron_block":18,"minecraft:granite":54,"minecraft:golden_apple":1,"minecraft:gray_wool":1,"minecraft:black_wool":1,"minecraft:mutton":15,"minecraft:coal":123,"minecraft:white_wool":8,"minecraft:rail":2,"minecraft:cobblestone":433},"minecraft:dropped":{"minecraft:iron_sword":1,"minecraft:diamond":2,"minecraft:cooked_porkchop":1,"minecraft:beef":2,"minecraft:stone_pickaxe":1,"minecraft:iron_pickaxe":1},"minecraft:killed":{"minecraft:pig":4,"minecraft:witch":1,"minecraft:spider":3,"minecraft:creeper":2,"minecraft:sheep":10,"minecraft:skeleton":2,"minecraft:zombie":7,"minecraft:chicken":9,"minecraft:cow":8},"minecraft:custom":{"minecraft:interact_with_furnace":32,"minecraft:mob_kills":48,"minecraft:interact_with_crafting_table":28,"minecraft:time_since_death":6105,"minecraft:climb_one_cm":182,"minecraft:time_since_rest":6202,"minecraft:sprint_one_cm":18386,"minecraft:damage_taken":1175,"minecraft:walk_one_cm":481263,"minecraft:damage_blocked_by_shield":222,"minecraft:drop":7,"minecraft:damage_dealt":5935,"minecraft:fly_one_cm":13080,"minecraft:open_chest":12,"minecraft:crouch_one_cm":3031,"minecraft:play_time":71965,"minecraft:deaths":2,"minecraft:sneak_time":1064,"minecraft:walk_under_water_one_cm":7256,"minecraft:jump":1007,"minecraft:walk_on_water_one_cm":25050,"minecraft:total_world_time":71965,"minecraft:fall_one_cm":11941},"minecraft:mined":{"minecraft:large_amethyst_bud":1,"minecraft:brown_mushroom":1,"minecraft:deepslate_diamond_ore":1,"minecraft:medium_amethyst_bud":1,"minecraft:amethyst_cluster":1,"minecraft:crafting_table":3,"minecraft:torch":2,"minecraft:granite":32,"minecraft:short_grass":7,"minecraft:grass_block":4,"minecraft:cobblestone":5,"minecraft:copper_ore":3,"minecraft:lapis_ore":20,"minecraft:sugar_cane":13,"minecraft:diorite":3,"minecraft:wall_torch":1,"minecraft:furnace":2,"minecraft:birch_log":62,"minecraft:iron_ore":125,"minecraft:andesite":45,"minecraft:birch_leaves":7,"minecraft:coal_ore":63,"minecraft:small_amethyst_bud":2,"minecraft:deepslate_iron_ore":1,"minecraft:rail":1,"minecraft:gravel":13,"minecraft:sand":1,"minecraft:dirt":1,"minecraft:smooth_basalt":4,"minecraft:stone":283,"minecraft:iron_block":9,"minecraft:gold_ore":3},"minecraft:killed_by":{"minecraft:skeleton":2},"minecraft:crafted":{"minecraft:cooked_porkchop":2,"minecraft:crafting_table":2,"minecraft:iron_helmet":1,"minecraft:wooden_pickaxe":1,"minecraft:cooked_chicken":5,"minecraft:iron_sword":2,"minecraft:furnace":3,"minecraft:birch_planks":88,"minecraft:stone_axe":1,"minecraft:cooked_mutton":6,"minecraft:air":0,"minecraft:iron_boots":1,"minecraft:iron_chestplate":2,"minecraft:shield":1,"minecraft:stick":52,"minecraft:iron_ingot":113,"minecraft:iron_pickaxe":4,"minecraft:stone_pickaxe":1,"minecraft:iron_block":9,"minecraft:chest":1,"minecraft:iron_leggings":1,"minecraft:torch":144},"minecraft:broken":{"minecraft:iron_pickaxe":2}},"DataVersion":3953}