{"stats":{"minecraft:used":{"minecraft:birch_planks":1,"minecraft:stone_pickaxe":68,"minecraft:iron_pickaxe":125,"minecraft:chest":1,"minecraft:wooden_pickaxe":6,"minecraft:iron_chestplate":1,"minecraft:stone_axe":65,"minecraft:torch":11,"minecraft:sand":1,"minecraft:dirt":2,"minecraft:cobblestone":1,"minecraft:crafting_table":3,"minecraft:furnace":1,"minecraft:andesite":8},"minecraft:picked_up":{"minecraft:birch_log":62,"minecraft:crafting_table":2,"minecraft:stick":8,"minecraft:raw_iron":45,"minecraft:andesite":11,"minecraft:birch_planks":2,"minecraft:sand":1,"minecraft:dirt":2,"minecraft:raw_copper":12,"minecraft:diamond":7,"minecraft:granite":10,"minecraft:golden_apple":1,"minecraft:iron_pickaxe":1,"minecraft:birch_sapling":1,"minecraft:coal":39,"minecraft:rail":2,"minecraft:cobblestone":85},"minecraft:dropped":{"minecraft:diamond":2,"minecraft:stone_pickaxe":1,"minecraft:iron_pickaxe":1},"minecraft:custom":{"minecraft:time_since_rest":17965,"minecraft:interact_with_furnace":7,"minecraft:sprint_one_cm":2071,"minecraft:damage_taken":66,"minecraft:walk_one_cm":77655,"minecraft:drop":4,"minecraft:damage_dealt":10,"minecraft:interact_with_crafting_table":12,"minecraft:fly_one_cm":1538,"minecraft:open_chest":1,"minecraft:crouch_one_cm":1821,"minecraft:play_time":17965,"minecraft:sneak_time":659,"minecraft:walk_under_water_one_cm":1446,"minecraft:jump":236,"minecraft:time_since_death":17965,"minecraft:walk_on_water_one_cm":8205,"minecraft:total_world_time":17965,"minecraft:fall_one_cm":3205},"minecraft:mined":{"minecraft:deepslate_diamond_ore":1,"minecraft:birch_log":62,"minecraft:iron_ore":45,"minecraft:birch_leaves":7,"minecraft:andesite":11,"minecraft:crafting_table":2,"minecraft:granite":10,"minecraft:grass_block":1,"minecraft:coal_ore":40,"minecraft:rail":1,"minecraft:sand":1,"minecraft:dirt":1,"minecraft:copper_ore":3,"minecraft:stone":88},"minecraft:crafted":{"minecraft:iron_chestplate":1,"minecraft:shield":1,"minecraft:crafting_table":1,"minecraft:stick":8,"minecraft:iron_pickaxe":1,"minecraft:iron_ingot":28,"minecraft:wooden_pickaxe":1,"minecraft:stone_pickaxe":1,"minecraft:chest":1,"minecraft:iron_sword":1,"minecraft:furnace":1,"minecraft:torch":24,"minecraft:birch_planks":24,"minecraft:stone_axe":1,"minecraft:air":0}},"DataVersion":3953}