{"stats":{"minecraft:used":{"minecraft:cooked_mutton":1,"minecraft:birch_planks":1,"minecraft:stone_pickaxe":68,"minecraft:wooden_pickaxe":6,"minecraft:chest":1,"minecraft:shield":3,"minecraft:iron_sword":21,"minecraft:iron_chestplate":1,"minecraft:torch":29,"minecraft:dirt":2,"minecraft:sand":1,"minecraft:crafting_table":3,"minecraft:iron_pickaxe":152,"minecraft:stone_axe":65,"minecraft:cobblestone":1,"minecraft:furnace":2,"minecraft:cooked_porkchop":1,"minecraft:andesite":8},"minecraft:picked_up":{"minecraft:birch_log":66,"minecraft:crafting_table":2,"minecraft:feather":7,"minecraft:chicken":6,"minecraft:andesite":11,"minecraft:birch_planks":2,"minecraft:gunpowder":1,"minecraft:dirt":2,"minecraft:raw_copper":12,"minecraft:bone":4,"minecraft:cobbled_deepslate":9,"minecraft:iron_pickaxe":1,"minecraft:sugar_cane":13,"minecraft:birch_sapling":1,"minecraft:iron_sword":1,"minecraft:egg":5,"minecraft:raw_iron":65,"minecraft:stick":8,"minecraft:sand":1,"minecraft:porkchop":2,"minecraft:spider_eye":1,"minecraft:arrow":2,"minecraft:diamond":7,"minecraft:granite":10,"minecraft:golden_apple":1,"minecraft:gray_wool":1,"minecraft:mutton":6,"minecraft:coal":39,"minecraft:white_wool":3,"minecraft:rail":2,"minecraft:cobblestone":92},"minecraft:dropped":{"minecraft:iron_sword":1,"minecraft:diamond":2,"minecraft:cooked_porkchop":1,"minecraft:stone_pickaxe":1,"minecraft:iron_pickaxe":1},"minecraft:killed":{"minecraft:pig":1,"minecraft:sheep":4,"minecraft:skeleton":1,"minecraft:chicken":6},"minecraft:custom":{"minecraft:interact_with_furnace":21,"minecraft:mob_kills":13,"minecraft:interact_with_crafting_table":16,"minecraft:time_since_death":29965,"minecraft:time_since_rest":29965,"minecraft:sprint_one_cm":2779,"minecraft:damage_taken":227,"minecraft:walk_one_cm":172438,"minecraft:damage_blocked_by_shield":120,"minecraft:drop":6,"minecraft:damage_dealt":1085,"minecraft:fly_one_cm":1873,"minecraft:open_chest":11,"minecraft:crouch_one_cm":1896,"minecraft:play_time":29965,"minecraft:sneak_time":705,"minecraft:walk_under_water_one_cm":5517,"minecraft:jump":402,"minecraft:walk_on_water_one_cm":19891,"minecraft:total_world_time":29965,"minecraft:fall_one_cm":5196},"minecraft:mined":{"minecraft:deepslate_diamond_ore":1,"minecraft:crafting_table":2,"minecraft:granite":10,"minecraft:grass_block":1,"minecraft:copper_ore":3,"minecraft:sugar_cane":13,"minecraft:birch_log":62,"minecraft:iron_ore":64,"minecraft:andesite":11,"minecraft:birch_leaves":7,"minecraft:coal_ore":40,"minecraft:deepslate_iron_ore":1,"minecraft:rail":1,"minecraft:sand":1,"minecraft:dirt":1,"minecraft:stone":95},"minecraft:crafted":{"minecraft:cooked_porkchop":2,"minecraft:crafting_table":1,"minecraft:wooden_pickaxe":1,"minecraft:cooked_chicken":5,"minecraft:iron_sword":1,"minecraft:furnace":2,"minecraft:birch_planks":80,"minecraft:stone_axe":1,"minecraft:cooked_mutton":2,"minecraft:air":0,"minecraft:iron_chestplate":1,"minecraft:shield":1,"minecraft:stick":32,"minecraft:iron_ingot":36,"minecraft:iron_pickaxe":1,"minecraft:stone_pickaxe":1,"minecraft:chest":1,"minecraft:torch":48}},"DataVersion":3953}