{"stats":{"minecraft:used":{"minecraft:wooden_axe":32,"minecraft:stone_pickaxe":18,"minecraft:cobbled_deepslate":7},"minecraft:picked_up":{"minecraft:birch_log":14,"minecraft:bone":1,"minecraft:arrow":2,"minecraft:cobbled_deepslate":16,"minecraft:birch_button":1,"minecraft:stone_pickaxe":1,"minecraft:oak_log":18,"minecraft:birch_sapling":2,"minecraft:wooden_hoe":1},"minecraft:dropped":{"minecraft:wooden_hoe":1},"minecraft:killed":{"minecraft:zombie":1},"minecraft:custom":{"minecraft:time_since_rest":8812,"minecraft:crouch_one_cm":113,"minecraft:sprint_one_cm":6994,"minecraft:walk_one_cm":26351,"minecraft:play_time":9603,"minecraft:damage_taken":462,"minecraft:deaths":1,"minecraft:sneak_time":48,"minecraft:walk_under_water_one_cm":2098,"minecraft:mob_kills":2,"minecraft:drop":1,"minecraft:jump":123,"minecraft:damage_dealt":739,"minecraft:walk_on_water_one_cm":2015,"minecraft:time_since_death":8783,"minecraft:total_world_time":9603,"minecraft:interact_with_crafting_table":3,"minecraft:fall_one_cm":4609,"minecraft:fly_one_cm":9949,"minecraft:player_kills":1},"minecraft:mined":{"minecraft:short_grass":3,"minecraft:oak_log":18,"minecraft:cobbled_deepslate":3,"minecraft:birch_log":14,"minecraft:birch_leaves":2,"minecraft:deepslate":13,"minecraft:oak_leaves":2},"minecraft:killed_by":{"minecraft:player":1},"minecraft:crafted":{"minecraft:oak_planks":72,"minecraft:wooden_hoe":1,"minecraft:stick":16,"minecraft:wooden_pickaxe":1,"minecraft:wooden_axe":1}},"DataVersion":3953}