{"stats":{"minecraft:custom":{"minecraft:jump":111,"minecraft:time_since_rest":3005,"minecraft:leave_game":1,"minecraft:walk_on_water_one_cm":440,"minecraft:sprint_one_cm":9712,"minecraft:play_time":3005,"minecraft:damage_taken":60,"minecraft:time_since_death":3005,"minecraft:walk_one_cm":4795,"minecraft:total_world_time":3005,"minecraft:walk_under_water_one_cm":303,"minecraft:fall_one_cm":4943,"minecraft:fly_one_cm":21041},"minecraft:mined":{"minecraft:short_grass":1,"minecraft:oak_leaves":3}},"DataVersion":3953}