{"stats":{"minecraft:used":{"minecraft:crafting_table":1,"minecraft:stone_pickaxe":2,"minecraft:wooden_pickaxe":8},"minecraft:picked_up":{"minecraft:birch_log":5,"minecraft:andesite":3,"minecraft:cobblestone":3},"minecraft:custom":{"minecraft:time_since_rest":3191,"minecraft:crouch_one_cm":1242,"minecraft:play_time":3191,"minecraft:sprint_one_cm":16546,"minecraft:damage_taken":70,"minecraft:walk_one_cm":9116,"minecraft:sneak_time":478,"minecraft:walk_under_water_one_cm":139,"minecraft:jump":35,"minecraft:time_since_death":3191,"minecraft:walk_on_water_one_cm":382,"minecraft:total_world_time":3191,"minecraft:swim_one_cm":1612,"minecraft:interact_with_crafting_table":5,"minecraft:fall_one_cm":1746,"minecraft:fly_one_cm":5826},"minecraft:mined":{"minecraft:birch_log":5,"minecraft:stone":5,"minecraft:andesite":5},"minecraft:crafted":{"minecraft:birch_planks":12,"minecraft:crafting_table":1,"minecraft:stick":4,"minecraft:wooden_pickaxe":1,"minecraft:stone_pickaxe":1}},"DataVersion":3953}