{"stats":{"minecraft:used":{"minecraft:birch_planks":4,"minecraft:stone_pickaxe":69,"minecraft:wooden_pickaxe":8,"minecraft:stone_axe":87,"minecraft:dirt":3,"minecraft:crafting_table":2,"minecraft:furnace":2,"minecraft:cooked_beef":7,"minecraft:smoker":2},"minecraft:picked_up":{"minecraft:birch_log":65,"minecraft:crafting_table":2,"minecraft:andesite":3,"minecraft:leather":12,"minecraft:sand":3,"minecraft:spider_eye":2,"minecraft:dirt":13,"minecraft:string":3,"minecraft:rotten_flesh":1,"minecraft:iron_ingot":11,"minecraft:beef":21,"minecraft:melon_slice":64,"minecraft:mangrove_propagule":1,"minecraft:cobblestone":63,"minecraft:furnace":3},"minecraft:dropped":{"minecraft:iron_ingot":6,"minecraft:birch_log":27},"minecraft:killed":{"minecraft:zombie":1,"minecraft:spider":1,"minecraft:cow":11},"minecraft:custom":{"minecraft:time_since_rest":27191,"minecraft:interact_with_furnace":18,"minecraft:sprint_one_cm":114327,"minecraft:damage_taken":386,"minecraft:walk_one_cm":49464,"minecraft:mob_kills":13,"minecraft:drop":2,"minecraft:damage_dealt":1628,"minecraft:fly_one_cm":120386,"minecraft:interact_with_crafting_table":10,"minecraft:swim_one_cm":26007,"minecraft:open_chest":11,"minecraft:crouch_one_cm":6988,"minecraft:play_time":27191,"minecraft:sneak_time":2477,"minecraft:walk_under_water_one_cm":1500,"minecraft:jump":616,"minecraft:walk_on_water_one_cm":10804,"minecraft:time_since_death":27191,"minecraft:interact_with_smoker":2,"minecraft:climb_one_cm":1936,"minecraft:total_world_time":27191,"minecraft:fall_one_cm":16486},"minecraft:mined":{"minecraft:furnace":2,"minecraft:birch_log":38,"minecraft:andesite":5,"minecraft:mangrove_roots":1,"minecraft:crafting_table":2,"minecraft:short_grass":4,"minecraft:grass_block":7,"minecraft:sand":3,"minecraft:dirt":6,"minecraft:stone":63,"minecraft:fern":2},"minecraft:crafted":{"minecraft:cooked_beef":19,"minecraft:iron_chestplate":1,"minecraft:shield":1,"minecraft:crafting_table":1,"minecraft:stick":8,"minecraft:iron_ingot":6,"minecraft:wooden_pickaxe":1,"minecraft:stone_pickaxe":2,"minecraft:iron_leggings":1,"minecraft:furnace":2,"minecraft:birch_planks":32,"minecraft:stone_axe":1,"minecraft:air":0,"minecraft:smoker":2}},"DataVersion":3953}