{"stats":{"minecraft:used":{"minecraft:cooked_mutton":2,"minecraft:birch_planks":4,"minecraft:stone_pickaxe":96,"minecraft:wooden_pickaxe":8,"minecraft:shield":13,"minecraft:iron_sword":42,"minecraft:netherrack":22,"minecraft:dirt":7,"minecraft:crafting_table":2,"minecraft:smoker":2,"minecraft:stone_axe":89,"minecraft:furnace":2,"minecraft:cooked_beef":11},"minecraft:picked_up":{"minecraft:birch_log":65,"minecraft:iron_chestplate":1,"minecraft:crafting_table":2,"minecraft:basalt":4,"minecraft:andesite":6,"minecraft:leather":33,"minecraft:wooden_pickaxe":1,"minecraft:birch_planks":2,"minecraft:crimson_fungus":1,"minecraft:golden_sword":1,"minecraft:shield":3,"minecraft:string":3,"minecraft:dirt":17,"minecraft:iron_leggings":1,"minecraft:cooked_mutton":17,"minecraft:bone":1,"minecraft:wheat_seeds":2,"minecraft:beef":23,"minecraft:iron_ingot":11,"minecraft:stone_pickaxe":2,"minecraft:oak_boat":1,"minecraft:melon_slice":81,"minecraft:soul_sand":2,"minecraft:iron_sword":3,"minecraft:furnace":4,"minecraft:polished_blackstone_bricks":2,"minecraft:sand":6,"minecraft:golden_axe":1,"minecraft:spider_eye":4,"minecraft:golden_chestplate":2,"minecraft:arrow":1,"minecraft:rotten_flesh":1,"minecraft:crossbow":2,"minecraft:gold_ingot":2,"minecraft:piglin_banner_pattern":1,"minecraft:netherrack":21,"minecraft:diamond_pickaxe":1,"minecraft:cobblestone":63,"minecraft:mangrove_propagule":1,"minecraft:crimson_roots":1,"minecraft:ender_pearl":1},"minecraft:dropped":{"minecraft:iron_ingot":6,"minecraft:iron_sword":1,"minecraft:ender_pearl":1,"minecraft:birch_log":27},"minecraft:killed":{"minecraft:piglin":1,"minecraft:spider":1,"minecraft:skeleton":1,"minecraft:zombie":1,"minecraft:piglin_brute":2,"minecraft:cow":13},"minecraft:custom":{"minecraft:interact_with_furnace":19,"minecraft:mob_kills":19,"minecraft:interact_with_crafting_table":13,"minecraft:time_since_death":8671,"minecraft:sleep_in_bed":1,"minecraft:climb_one_cm":2156,"minecraft:time_since_rest":8706,"minecraft:sprint_one_cm":160983,"minecraft:damage_taken":1068,"minecraft:walk_one_cm":108913,"minecraft:damage_blocked_by_shield":435,"minecraft:drop":4,"minecraft:damage_dealt":3379,"minecraft:swim_one_cm":26007,"minecraft:fly_one_cm":189108,"minecraft:open_chest":24,"minecraft:crouch_one_cm":11172,"minecraft:play_time":51191,"minecraft:deaths":1,"minecraft:sneak_time":3715,"minecraft:walk_under_water_one_cm":1500,"minecraft:jump":1178,"minecraft:walk_on_water_one_cm":10804,"minecraft:total_world_time":51191,"minecraft:interact_with_smoker":5,"minecraft:fall_one_cm":35218},"minecraft:mined":{"minecraft:mangrove_roots":1,"minecraft:crafting_table":2,"minecraft:short_grass":7,"minecraft:grass_block":7,"minecraft:crimson_roots":1,"minecraft:polished_blackstone_bricks":2,"minecraft:furnace":2,"minecraft:birch_log":38,"minecraft:andesite":5,"minecraft:sand":3,"minecraft:dirt":10,"minecraft:stone":63,"minecraft:netherrack":24,"minecraft:fern":2},"minecraft:killed_by":{"minecraft:enderman":1},"minecraft:crafted":{"minecraft:cooked_beef":21,"minecraft:crafting_table":1,"minecraft:wooden_pickaxe":1,"minecraft:iron_sword":1,"minecraft:furnace":2,"minecraft:birch_planks":36,"minecraft:stone_axe":1,"minecraft:cooked_mutton":3,"minecraft:air":0,"minecraft:iron_chestplate":1,"minecraft:shield":1,"minecraft:stick":12,"minecraft:iron_ingot":6,"minecraft:stone_pickaxe":2,"minecraft:iron_leggings":1,"minecraft:smoker":2}},"DataVersion":3953}