{"stats":{"minecraft:used":{"minecraft:birch_planks":4,"minecraft:stone_pickaxe":69,"minecraft:wooden_pickaxe":8,"minecraft:stone_axe":73,"minecraft:dirt":2,"minecraft:crafting_table":2,"minecraft:furnace":2,"minecraft:cooked_beef":3},"minecraft:picked_up":{"minecraft:birch_log":38,"minecraft:crafting_table":2,"minecraft:andesite":3,"minecraft:leather":11,"minecraft:sand":3,"minecraft:spider_eye":1,"minecraft:dirt":12,"minecraft:string":2,"minecraft:rotten_flesh":1,"minecraft:beef":16,"minecraft:cobblestone":63,"minecraft:furnace":2},"minecraft:killed":{"minecraft:zombie":1,"minecraft:spider":1,"minecraft:cow":9},"minecraft:custom":{"minecraft:time_since_rest":15191,"minecraft:interact_with_furnace":2,"minecraft:sprint_one_cm":61306,"minecraft:damage_taken":205,"minecraft:walk_one_cm":33339,"minecraft:mob_kills":11,"minecraft:damage_dealt":1347,"minecraft:fly_one_cm":57461,"minecraft:interact_with_crafting_table":8,"minecraft:swim_one_cm":12162,"minecraft:crouch_one_cm":6984,"minecraft:play_time":15191,"minecraft:sneak_time":2464,"minecraft:walk_under_water_one_cm":1255,"minecraft:jump":317,"minecraft:walk_on_water_one_cm":6125,"minecraft:time_since_death":15191,"minecraft:climb_one_cm":129,"minecraft:total_world_time":15191,"minecraft:fall_one_cm":7159},"minecraft:mined":{"minecraft:furnace":2,"minecraft:birch_log":38,"minecraft:andesite":5,"minecraft:crafting_table":2,"minecraft:short_grass":3,"minecraft:grass_block":6,"minecraft:sand":3,"minecraft:dirt":6,"minecraft:stone":63},"minecraft:crafted":{"minecraft:cooked_beef":5,"minecraft:crafting_table":1,"minecraft:stick":8,"minecraft:wooden_pickaxe":1,"minecraft:stone_pickaxe":2,"minecraft:furnace":2,"minecraft:birch_planks":32,"minecraft:stone_axe":1,"minecraft:air":0}},"DataVersion":3953}