{"stats":{"minecraft:used":{"minecraft:cooked_mutton":2,"minecraft:birch_planks":4,"minecraft:stone_pickaxe":94,"minecraft:shield":8,"minecraft:wooden_pickaxe":8,"minecraft:iron_sword":15,"minecraft:stone_axe":89,"minecraft:dirt":7,"minecraft:crafting_table":2,"minecraft:furnace":2,"minecraft:cooked_beef":7,"minecraft:smoker":2},"minecraft:picked_up":{"minecraft:birch_log":65,"minecraft:crafting_table":2,"minecraft:andesite":3,"minecraft:leather":14,"minecraft:sand":3,"minecraft:spider_eye":2,"minecraft:dirt":17,"minecraft:string":3,"minecraft:rotten_flesh":1,"minecraft:wheat_seeds":1,"minecraft:iron_ingot":11,"minecraft:beef":23,"minecraft:gold_ingot":2,"minecraft:crimson_roots":1,"minecraft:netherrack":21,"minecraft:melon_slice":64,"minecraft:mangrove_propagule":1,"minecraft:cobblestone":63,"minecraft:furnace":3},"minecraft:dropped":{"minecraft:iron_ingot":6,"minecraft:birch_log":27},"minecraft:killed":{"minecraft:zombie":1,"minecraft:spider":1,"minecraft:cow":13},"minecraft:custom":{"minecraft:time_since_rest":8622,"minecraft:interact_with_furnace":19,"minecraft:sprint_one_cm":131947,"minecraft:damage_taken":579,"minecraft:walk_one_cm":80520,"minecraft:damage_blocked_by_shield":265,"minecraft:mob_kills":15,"minecraft:drop":2,"minecraft:damage_dealt":2142,"minecraft:fly_one_cm":150473,"minecraft:interact_with_crafting_table":13,"minecraft:swim_one_cm":26007,"minecraft:open_chest":17,"minecraft:crouch_one_cm":7618,"minecraft:play_time":39191,"minecraft:sneak_time":2654,"minecraft:walk_under_water_one_cm":1500,"minecraft:jump":828,"minecraft:walk_on_water_one_cm":10804,"minecraft:time_since_death":39191,"minecraft:sleep_in_bed":1,"minecraft:interact_with_smoker":5,"minecraft:climb_one_cm":2156,"minecraft:total_world_time":39191,"minecraft:fall_one_cm":21743},"minecraft:mined":{"minecraft:furnace":2,"minecraft:birch_log":38,"minecraft:andesite":5,"minecraft:mangrove_roots":1,"minecraft:crafting_table":2,"minecraft:short_grass":7,"minecraft:grass_block":7,"minecraft:crimson_roots":1,"minecraft:sand":3,"minecraft:dirt":10,"minecraft:netherrack":24,"minecraft:stone":63,"minecraft:fern":2},"minecraft:crafted":{"minecraft:cooked_beef":21,"minecraft:iron_chestplate":1,"minecraft:shield":1,"minecraft:crafting_table":1,"minecraft:stick":12,"minecraft:iron_ingot":6,"minecraft:wooden_pickaxe":1,"minecraft:stone_pickaxe":2,"minecraft:iron_sword":1,"minecraft:iron_leggings":1,"minecraft:furnace":2,"minecraft:birch_planks":36,"minecraft:stone_axe":1,"minecraft:cooked_mutton":3,"minecraft:air":0,"minecraft:smoker":2}},"DataVersion":3953}