{"stats":{"minecraft:used":{"minecraft:cooked_mutton":2,"minecraft:birch_planks":4,"minecraft:stone_pickaxe":96,"minecraft:wooden_pickaxe":8,"minecraft:shield":36,"minecraft:iron_sword":101,"minecraft:netherrack":43,"minecraft:dirt":29,"minecraft:crafting_table":2,"minecraft:nether_bricks":2,"minecraft:smoker":2,"minecraft:diamond_pickaxe":70,"minecraft:iron_boots":1,"minecraft:stone_axe":89,"minecraft:furnace":2,"minecraft:cooked_beef":18},"minecraft:picked_up":{"minecraft:birch_log":65,"minecraft:iron_chestplate":1,"minecraft:crafting_table":2,"minecraft:wheat":1,"minecraft:basalt":5,"minecraft:nether_brick_fence":1,"minecraft:nether_wart":20,"minecraft:andesite":6,"minecraft:leather":37,"minecraft:wooden_pickaxe":1,"minecraft:birch_planks":2,"minecraft:crimson_fungus":1,"minecraft:oak_log":1,"minecraft:golden_sword":1,"minecraft:shield":3,"minecraft:string":3,"minecraft:dirt":39,"minecraft:iron_leggings":1,"minecraft:cooked_mutton":17,"minecraft:bone":7,"minecraft:wheat_seeds":5,"minecraft:beef":29,"minecraft:iron_ingot":11,"minecraft:stone_pickaxe":2,"minecraft:oak_boat":1,"minecraft:glowstone_dust":19,"minecraft:melon_slice":81,"minecraft:soul_sand":2,"minecraft:iron_sword":3,"minecraft:furnace":4,"minecraft:polished_blackstone_bricks":2,"minecraft:sand":6,"minecraft:golden_axe":1,"minecraft:white_bed":1,"minecraft:spider_eye":4,"minecraft:golden_chestplate":2,"minecraft:arrow":1,"minecraft:rotten_flesh":1,"minecraft:nether_bricks":4,"minecraft:crossbow":2,"minecraft:gold_ingot":2,"minecraft:piglin_banner_pattern":1,"minecraft:coal":1,"minecraft:netherrack":77,"minecraft:diamond_pickaxe":1,"minecraft:cobblestone":63,"minecraft:mangrove_propagule":1,"minecraft:crimson_roots":1,"minecraft:ender_pearl":1},"minecraft:dropped":{"minecraft:iron_ingot":6,"minecraft:crimson_fungus":1,"minecraft:iron_sword":1,"minecraft:soul_sand":2,"minecraft:wheat_seeds":2,"minecraft:cooked_beef":3,"minecraft:ender_pearl":1,"minecraft:andesite":3,"minecraft:spider_eye":2,"minecraft:basalt":4,"minecraft:sand":3,"minecraft:polished_blackstone_bricks":2,"minecraft:birch_log":27,"minecraft:bone":1},"minecraft:killed":{"minecraft:piglin":1,"minecraft:spider":1,"minecraft:skeleton":2,"minecraft:zombie":1,"minecraft:wither_skeleton":2,"minecraft:piglin_brute":2,"minecraft:cow":17},"minecraft:custom":{"minecraft:interact_with_furnace":22,"minecraft:mob_kills":26,"minecraft:interact_with_crafting_table":15,"minecraft:leave_game":1,"minecraft:time_since_death":17443,"minecraft:sleep_in_bed":1,"minecraft:climb_one_cm":2338,"minecraft:time_since_rest":17489,"minecraft:sprint_one_cm":241853,"minecraft:damage_taken":1708,"minecraft:walk_one_cm":157435,"minecraft:damage_blocked_by_shield":1425,"minecraft:drop":17,"minecraft:damage_dealt":4509,"minecraft:swim_one_cm":26007,"minecraft:fly_one_cm":386057,"minecraft:open_chest":39,"minecraft:crouch_one_cm":15860,"minecraft:play_time":80820,"minecraft:deaths":2,"minecraft:sneak_time":4450,"minecraft:walk_under_water_one_cm":1500,"minecraft:jump":1983,"minecraft:walk_on_water_one_cm":10993,"minecraft:total_world_time":80820,"minecraft:interact_with_smoker":17,"minecraft:fall_one_cm":56774},"minecraft:mined":{"minecraft:soul_fire":2,"minecraft:basalt":1,"minecraft:mangrove_roots":1,"minecraft:crafting_table":2,"minecraft:nether_bricks":4,"minecraft:short_grass":14,"minecraft:grass_block":7,"minecraft:crimson_roots":1,"minecraft:nether_wart":20,"minecraft:polished_blackstone_bricks":2,"minecraft:glowstone":6,"minecraft:furnace":2,"minecraft:birch_log":38,"minecraft:andesite":5,"minecraft:nether_brick_fence":1,"minecraft:sand":3,"minecraft:dirt":10,"minecraft:stone":63,"minecraft:netherrack":82,"minecraft:fern":2},"minecraft:killed_by":{"minecraft:enderman":1},"minecraft:crafted":{"minecraft:cooked_beef":27,"minecraft:crafting_table":1,"minecraft:wooden_pickaxe":1,"minecraft:iron_sword":1,"minecraft:furnace":2,"minecraft:birch_planks":36,"minecraft:stone_axe":1,"minecraft:cooked_mutton":3,"minecraft:air":0,"minecraft:iron_chestplate":1,"minecraft:shield":1,"minecraft:stick":12,"minecraft:iron_ingot":6,"minecraft:stone_pickaxe":2,"minecraft:iron_leggings":1,"minecraft:smoker":2}},"DataVersion":3953}