{"stats":{"minecraft:used":{"minecraft:stone_sword":9,"minecraft:stone_pickaxe":194,"minecraft:wooden_pickaxe":21,"minecraft:iron_sword":7,"minecraft:iron_chestplate":1,"minecraft:torch":25,"minecraft:dirt":1,"minecraft:sand":1,"minecraft:crafting_table":2,"minecraft:bread":5,"minecraft:iron_pickaxe":29,"minecraft:iron_helmet":1,"minecraft:iron_boots":1,"minecraft:stone_axe":14,"minecraft:wooden_sword":12,"minecraft:furnace":3,"minecraft:cooked_porkchop":1,"minecraft:cobbled_deepslate":11,"minecraft:iron_leggings":1},"minecraft:picked_up":{"minecraft:birch_log":13,"minecraft:string":3,"minecraft:dirt":1,"minecraft:wooden_sword":1,"minecraft:cobbled_deepslate":54,"minecraft:raw_gold":3,"minecraft:stone_pickaxe":1,"minecraft:iron_pickaxe":1,"minecraft:oak_planks":2,"minecraft:stick":1,"minecraft:raw_iron":60,"minecraft:cooked_porkchop":1,"minecraft:oak_fence":2,"minecraft:gravel":1,"minecraft:sand":1,"minecraft:spider_eye":2,"minecraft:diamond":4,"minecraft:coal":45,"minecraft:rail":3,"minecraft:cobblestone":69},"minecraft:dropped":{"minecraft:diamond":4,"minecraft:coal":20,"minecraft:golden_apple":1,"minecraft:spider_eye":2,"minecraft:iron_pickaxe":1},"minecraft:killed":{"minecraft:cave_spider":1,"minecraft:spider":1,"minecraft:zombie":2},"minecraft:custom":{"minecraft:interact_with_furnace":38,"minecraft:mob_kills":4,"minecraft:interact_with_crafting_table":21,"minecraft:time_since_death":57847,"minecraft:time_since_rest":57873,"minecraft:sprint_one_cm":79414,"minecraft:damage_taken":734,"minecraft:walk_one_cm":124052,"minecraft:drop":9,"minecraft:damage_dealt":905,"minecraft:fly_one_cm":36903,"minecraft:open_chest":4,"minecraft:play_time":59819,"minecraft:deaths":1,"minecraft:sneak_time":71,"minecraft:walk_under_water_one_cm":7311,"minecraft:jump":566,"minecraft:walk_on_water_one_cm":17127,"minecraft:total_world_time":59819,"minecraft:fall_one_cm":9839},"minecraft:mined":{"minecraft:large_amethyst_bud":1,"minecraft:deepslate_diamond_ore":4,"minecraft:medium_amethyst_bud":2,"minecraft:oak_fence":2,"minecraft:short_grass":2,"minecraft:oak_planks":2,"minecraft:diorite":1,"minecraft:birch_log":14,"minecraft:iron_ore":57,"minecraft:cobbled_deepslate":1,"minecraft:coal_ore":46,"minecraft:deepslate_iron_ore":2,"minecraft:rail":1,"minecraft:small_amethyst_bud":1,"minecraft:sand":1,"minecraft:dirt":1,"minecraft:stone":70,"minecraft:gold_ore":3,"minecraft:deepslate":53},"minecraft:killed_by":{"minecraft:player":1},"minecraft:crafted":{"minecraft:wooden_sword":1,"minecraft:crafting_table":2,"minecraft:wooden_pickaxe":1,"minecraft:iron_helmet":1,"minecraft:iron_sword":1,"minecraft:furnace":3,"minecraft:birch_planks":52,"minecraft:stone_axe":1,"minecraft:iron_boots":1,"minecraft:iron_chestplate":1,"minecraft:shield":1,"minecraft:stick":24,"minecraft:iron_ingot":58,"minecraft:iron_pickaxe":1,"minecraft:stone_pickaxe":1,"minecraft:stone_sword":1,"minecraft:iron_leggings":1,"minecraft:torch":28},"minecraft:broken":{"minecraft:stone_pickaxe":2}},"DataVersion":3953}