{"stats":{"minecraft:used":{"minecraft:wooden_sword":12,"minecraft:sand":1,"minecraft:crafting_table":2,"minecraft:stone_pickaxe":1,"minecraft:wooden_pickaxe":21},"minecraft:picked_up":{"minecraft:birch_log":8,"minecraft:wooden_sword":1,"minecraft:stick":1,"minecraft:sand":1,"minecraft:cobblestone":21},"minecraft:custom":{"minecraft:time_since_rest":3873,"minecraft:play_time":5819,"minecraft:sprint_one_cm":10738,"minecraft:deaths":1,"minecraft:damage_taken":330,"minecraft:walk_one_cm":14165,"minecraft:sneak_time":7,"minecraft:jump":82,"minecraft:damage_dealt":201,"minecraft:walk_on_water_one_cm":2638,"minecraft:time_since_death":3847,"minecraft:total_world_time":5819,"minecraft:interact_with_crafting_table":6,"minecraft:fall_one_cm":3300,"minecraft:fly_one_cm":11046},"minecraft:mined":{"minecraft:short_grass":2,"minecraft:coal_ore":1,"minecraft:sand":1,"minecraft:birch_log":8,"minecraft:stone":20},"minecraft:killed_by":{"minecraft:player":1},"minecraft:crafted":{"minecraft:stone_sword":1,"minecraft:wooden_sword":1,"minecraft:birch_planks":32,"minecraft:stone_axe":1,"minecraft:crafting_table":2,"minecraft:stick":24,"minecraft:wooden_pickaxe":1,"minecraft:stone_pickaxe":1}},"DataVersion":3953}