{"stats":{"minecraft:used":{"minecraft:stone_sword":9,"minecraft:bread":5,"minecraft:stone_pickaxe":79,"minecraft:iron_pickaxe":4,"minecraft:wooden_pickaxe":21,"minecraft:stone_axe":8,"minecraft:wooden_sword":12,"minecraft:sand":1,"minecraft:crafting_table":2,"minecraft:cobbled_deepslate":11},"minecraft:picked_up":{"minecraft:birch_log":8,"minecraft:stick":1,"minecraft:raw_iron":16,"minecraft:oak_fence":2,"minecraft:sand":1,"minecraft:spider_eye":1,"minecraft:string":3,"minecraft:wooden_sword":1,"minecraft:diamond":4,"minecraft:cobbled_deepslate":54,"minecraft:stone_pickaxe":1,"minecraft:iron_pickaxe":1,"minecraft:oak_planks":2,"minecraft:coal":6,"minecraft:rail":3,"minecraft:cobblestone":24},"minecraft:dropped":{"minecraft:diamond":4,"minecraft:iron_pickaxe":1,"minecraft:golden_apple":1},"minecraft:killed":{"minecraft:cave_spider":1,"minecraft:spider":1},"minecraft:custom":{"minecraft:time_since_rest":15873,"minecraft:interact_with_furnace":1,"minecraft:sprint_one_cm":55189,"minecraft:damage_taken":600,"minecraft:walk_one_cm":55329,"minecraft:mob_kills":2,"minecraft:drop":6,"minecraft:damage_dealt":574,"minecraft:interact_with_crafting_table":6,"minecraft:fly_one_cm":15805,"minecraft:play_time":17819,"minecraft:deaths":1,"minecraft:sneak_time":17,"minecraft:walk_under_water_one_cm":1088,"minecraft:jump":250,"minecraft:time_since_death":15847,"minecraft:walk_on_water_one_cm":9417,"minecraft:total_world_time":17819,"minecraft:fall_one_cm":5071},"minecraft:mined":{"minecraft:deepslate_diamond_ore":4,"minecraft:iron_ore":14,"minecraft:birch_log":8,"minecraft:cobbled_deepslate":1,"minecraft:oak_fence":2,"minecraft:short_grass":2,"minecraft:coal_ore":6,"minecraft:rail":1,"minecraft:deepslate_iron_ore":2,"minecraft:sand":1,"minecraft:stone":22,"minecraft:oak_planks":2,"minecraft:deepslate":53},"minecraft:killed_by":{"minecraft:player":1},"minecraft:crafted":{"minecraft:wooden_sword":1,"minecraft:crafting_table":2,"minecraft:stick":24,"minecraft:wooden_pickaxe":1,"minecraft:stone_pickaxe":1,"minecraft:stone_sword":1,"minecraft:birch_planks":32,"minecraft:stone_axe":1}},"DataVersion":3953}