{"stats":{"minecraft:crafted":{"minecraft:wooden_sword":1,"minecraft:oak_planks":48,"minecraft:crafting_table":2,"minecraft:wooden_pickaxe":1,"minecraft:iron_helmet":2,"minecraft:iron_sword":2,"minecraft:furnace":3,"minecraft:birch_planks":52,"minecraft:stone_axe":1,"minecraft:oak_fence_gate":1,"minecraft:iron_boots":2,"minecraft:iron_chestplate":2,"minecraft:shield":2,"minecraft:stick":72,"minecraft:iron_ingot":121,"minecraft:iron_pickaxe":2,"minecraft:stone_pickaxe":1,"minecraft:stone_sword":1,"minecraft:iron_leggings":2,"minecraft:torch":28,"minecraft:oak_fence":12},"minecraft:custom":{"minecraft:interact_with_furnace":42,"minecraft:mob_kills":6,"minecraft:interact_with_crafting_table":29,"minecraft:leave_game":2,"minecraft:time_since_death":5348,"minecraft:climb_one_cm":2615,"minecraft:time_since_rest":5389,"minecraft:sprint_one_cm":229580,"minecraft:damage_taken":1986,"minecraft:walk_one_cm":363573,"minecraft:drop":9,"minecraft:damage_dealt":1005,"minecraft:fly_one_cm":135005,"minecraft:open_chest":26,"minecraft:play_time":128533,"minecraft:crouch_one_cm":853,"minecraft:deaths":6,"minecraft:sneak_time":310,"minecraft:walk_under_water_one_cm":10230,"minecraft:jump":1687,"minecraft:walk_on_water_one_cm":42210,"minecraft:total_world_time":128533,"minecraft:interact_with_smoker":1,"minecraft:fall_one_cm":32919},"minecraft:mined":{"minecraft:large_amethyst_bud":1,"minecraft:deepslate_diamond_ore":4,"minecraft:medium_amethyst_bud":2,"minecraft:crimson_nylium":6,"minecraft:oak_fence":3,"minecraft:short_grass":3,"minecraft:grass_block":2,"minecraft:crimson_roots":2,"minecraft:nether_quartz_ore":17,"minecraft:cobblestone":3,"minecraft:oak_planks":2,"minecraft:diorite":1,"minecraft:weeping_vines_plant":1,"minecraft:nether_wart_block":2,"minecraft:birch_log":14,"minecraft:iron_ore":57,"minecraft:cobbled_deepslate":1,"minecraft:oak_log":7,"minecraft:coal_ore":46,"minecraft:deepslate_iron_ore":2,"minecraft:shroomlight":1,"minecraft:rail":1,"minecraft:small_amethyst_bud":1,"minecraft:sand":1,"minecraft:dirt":1,"minecraft:stripped_oak_log":1,"minecraft:stone":78,"minecraft:netherrack":95,"minecraft:gold_ore":3,"minecraft:deepslate":53},"minecraft:picked_up":{"minecraft:stripped_oak_log":1,"minecraft:birch_log":13,"minecraft:chicken":2,"minecraft:oak_log":7,"minecraft:golden_boots":1,"minecraft:nether_wart_block":2,"minecraft:dirt":3,"minecraft:string":3,"minecraft:wooden_sword":1,"minecraft:shroomlight":1,"minecraft:wheat_seeds":1,"minecraft:cobbled_deepslate":54,"minecraft:raw_gold":3,"minecraft:stone_pickaxe":1,"minecraft:iron_pickaxe":1,"minecraft:oak_planks":2,"minecraft:egg":2,"minecraft:stick":1,"minecraft:raw_iron":60,"minecraft:cooked_porkchop":1,"minecraft:oak_fence":3,"minecraft:quartz":17,"minecraft:gravel":1,"minecraft:sand":1,"minecraft:spider_eye":2,"minecraft:weeping_vines":1,"minecraft:diamond":4,"minecraft:bread":12,"minecraft:netherrack":99,"minecraft:coal":45,"minecraft:crimson_roots":3,"minecraft:rail":3,"minecraft:cobblestone":80},"minecraft:dropped":{"minecraft:diamond":4,"minecraft:coal":20,"minecraft:golden_apple":1,"minecraft:spider_eye":2,"minecraft:iron_pickaxe":1},"minecraft:killed_by":{"minecraft:player":1,"minecraft:hoglin":1,"minecraft:skeleton":3},"minecraft:broken":{"minecraft:stone_pickaxe":2},"minecraft:killed":{"minecraft:cave_spider":1,"minecraft:spider":1,"minecraft:zombie":2,"minecraft:chicken":2},"minecraft:used":{"minecraft:oak_fence":10,"minecraft:stone_sword":9,"minecraft:baked_potato":5,"minecraft:stone_pickaxe":194,"minecraft:oak_planks":10,"minecraft:wooden_pickaxe":26,"minecraft:iron_sword":9,"minecraft:netherrack":29,"minecraft:iron_chestplate":2,"minecraft:torch":25,"minecraft:dirt":3,"minecraft:sand":1,"minecraft:crafting_table":2,"minecraft:oak_fence_gate":1,"minecraft:chicken":2,"minecraft:bread":6,"minecraft:iron_pickaxe":156,"minecraft:iron_helmet":2,"minecraft:iron_boots":2,"minecraft:cobblestone":12,"minecraft:stone_axe":14,"minecraft:nether_wart_block":2,"minecraft:wooden_sword":12,"minecraft:furnace":3,"minecraft:cooked_porkchop":1,"minecraft:egg":1,"minecraft:cobbled_deepslate":14,"minecraft:iron_leggings":2,"minecraft:golden_boots":1}},"DataVersion":3953}