{"stats":{"minecraft:used":{"minecraft:stone_sword":9,"minecraft:bread":5,"minecraft:stone_pickaxe":159,"minecraft:iron_pickaxe":4,"minecraft:wooden_pickaxe":21,"minecraft:stone_axe":14,"minecraft:torch":5,"minecraft:wooden_sword":12,"minecraft:sand":1,"minecraft:crafting_table":2,"minecraft:furnace":2,"minecraft:cooked_porkchop":1,"minecraft:cobbled_deepslate":11},"minecraft:picked_up":{"minecraft:birch_log":13,"minecraft:stick":1,"minecraft:raw_iron":31,"minecraft:cooked_porkchop":1,"minecraft:oak_fence":2,"minecraft:sand":1,"minecraft:spider_eye":2,"minecraft:string":3,"minecraft:wooden_sword":1,"minecraft:diamond":4,"minecraft:cobbled_deepslate":54,"minecraft:stone_pickaxe":1,"minecraft:iron_pickaxe":1,"minecraft:oak_planks":2,"minecraft:coal":29,"minecraft:rail":3,"minecraft:cobblestone":66},"minecraft:dropped":{"minecraft:diamond":4,"minecraft:spider_eye":2,"minecraft:iron_pickaxe":1,"minecraft:golden_apple":1},"minecraft:killed":{"minecraft:cave_spider":1,"minecraft:spider":1},"minecraft:custom":{"minecraft:time_since_rest":27873,"minecraft:interact_with_furnace":23,"minecraft:sprint_one_cm":65566,"minecraft:damage_taken":660,"minecraft:walk_one_cm":80084,"minecraft:mob_kills":2,"minecraft:drop":8,"minecraft:damage_dealt":574,"minecraft:interact_with_crafting_table":12,"minecraft:fly_one_cm":21415,"minecraft:open_chest":4,"minecraft:play_time":29819,"minecraft:deaths":1,"minecraft:sneak_time":71,"minecraft:walk_under_water_one_cm":7115,"minecraft:jump":334,"minecraft:time_since_death":27847,"minecraft:walk_on_water_one_cm":14537,"minecraft:total_world_time":29819,"minecraft:fall_one_cm":6178},"minecraft:mined":{"minecraft:deepslate_diamond_ore":4,"minecraft:iron_ore":29,"minecraft:birch_log":14,"minecraft:cobbled_deepslate":1,"minecraft:oak_fence":2,"minecraft:short_grass":2,"minecraft:coal_ore":29,"minecraft:rail":1,"minecraft:deepslate_iron_ore":2,"minecraft:sand":1,"minecraft:stone":64,"minecraft:oak_planks":2,"minecraft:deepslate":53},"minecraft:killed_by":{"minecraft:player":1},"minecraft:crafted":{"minecraft:wooden_sword":1,"minecraft:crafting_table":2,"minecraft:stick":24,"minecraft:iron_pickaxe":1,"minecraft:iron_ingot":29,"minecraft:wooden_pickaxe":1,"minecraft:stone_pickaxe":1,"minecraft:iron_sword":1,"minecraft:stone_sword":1,"minecraft:furnace":2,"minecraft:torch":8,"minecraft:birch_planks":32,"minecraft:stone_axe":1},"minecraft:broken":{"minecraft:stone_pickaxe":1}},"DataVersion":3953}