{"stats":{"minecraft:used":{"minecraft:stone_sword":9,"minecraft:stone_pickaxe":194,"minecraft:baked_potato":3,"minecraft:wooden_pickaxe":26,"minecraft:iron_sword":9,"minecraft:iron_chestplate":2,"minecraft:torch":25,"minecraft:dirt":3,"minecraft:sand":1,"minecraft:crafting_table":2,"minecraft:chicken":2,"minecraft:bread":5,"minecraft:iron_pickaxe":35,"minecraft:iron_helmet":2,"minecraft:iron_boots":2,"minecraft:stone_axe":14,"minecraft:cobblestone":12,"minecraft:wooden_sword":12,"minecraft:furnace":3,"minecraft:cooked_porkchop":1,"minecraft:egg":1,"minecraft:cobbled_deepslate":14,"minecraft:iron_leggings":2},"minecraft:picked_up":{"minecraft:birch_log":13,"minecraft:chicken":2,"minecraft:string":3,"minecraft:dirt":3,"minecraft:wooden_sword":1,"minecraft:cobbled_deepslate":54,"minecraft:raw_gold":3,"minecraft:stone_pickaxe":1,"minecraft:iron_pickaxe":1,"minecraft:oak_planks":2,"minecraft:egg":2,"minecraft:stick":1,"minecraft:raw_iron":60,"minecraft:cooked_porkchop":1,"minecraft:oak_fence":2,"minecraft:gravel":1,"minecraft:sand":1,"minecraft:spider_eye":2,"minecraft:diamond":4,"minecraft:coal":45,"minecraft:rail":3,"minecraft:cobblestone":80},"minecraft:dropped":{"minecraft:diamond":4,"minecraft:coal":20,"minecraft:golden_apple":1,"minecraft:spider_eye":2,"minecraft:iron_pickaxe":1},"minecraft:killed":{"minecraft:cave_spider":1,"minecraft:spider":1,"minecraft:zombie":2,"minecraft:chicken":2},"minecraft:custom":{"minecraft:interact_with_furnace":42,"minecraft:mob_kills":6,"minecraft:interact_with_crafting_table":27,"minecraft:time_since_death":12719,"minecraft:climb_one_cm":739,"minecraft:time_since_rest":12752,"minecraft:sprint_one_cm":184715,"minecraft:damage_taken":1293,"minecraft:walk_one_cm":282340,"minecraft:drop":9,"minecraft:damage_dealt":985,"minecraft:fly_one_cm":90072,"minecraft:open_chest":16,"minecraft:play_time":107819,"minecraft:deaths":4,"minecraft:sneak_time":71,"minecraft:walk_under_water_one_cm":10230,"minecraft:jump":1244,"minecraft:walk_on_water_one_cm":42210,"minecraft:interact_with_smoker":1,"minecraft:total_world_time":107819,"minecraft:fall_one_cm":20358},"minecraft:mined":{"minecraft:large_amethyst_bud":1,"minecraft:deepslate_diamond_ore":4,"minecraft:medium_amethyst_bud":2,"minecraft:oak_fence":2,"minecraft:short_grass":2,"minecraft:grass_block":2,"minecraft:cobblestone":3,"minecraft:oak_planks":2,"minecraft:diorite":1,"minecraft:birch_log":14,"minecraft:iron_ore":57,"minecraft:cobbled_deepslate":1,"minecraft:coal_ore":46,"minecraft:deepslate_iron_ore":2,"minecraft:rail":1,"minecraft:small_amethyst_bud":1,"minecraft:sand":1,"minecraft:dirt":1,"minecraft:stone":78,"minecraft:gold_ore":3,"minecraft:deepslate":53},"minecraft:killed_by":{"minecraft:player":1,"minecraft:skeleton":3},"minecraft:crafted":{"minecraft:wooden_sword":1,"minecraft:oak_planks":16,"minecraft:crafting_table":2,"minecraft:wooden_pickaxe":1,"minecraft:iron_helmet":2,"minecraft:iron_sword":2,"minecraft:furnace":3,"minecraft:birch_planks":52,"minecraft:stone_axe":1,"minecraft:iron_boots":2,"minecraft:iron_chestplate":2,"minecraft:shield":2,"minecraft:stick":56,"minecraft:iron_ingot":121,"minecraft:iron_pickaxe":2,"minecraft:stone_pickaxe":1,"minecraft:stone_sword":1,"minecraft:iron_leggings":2,"minecraft:torch":28},"minecraft:broken":{"minecraft:stone_pickaxe":2}},"DataVersion":3953}