{"stats":{"minecraft:crafted":{"minecraft:oak_planks":20,"minecraft:iron_boots":1,"minecraft:iron_chestplate":1,"minecraft:cooked_porkchop":36,"minecraft:crafting_table":1,"minecraft:stick":36,"minecraft:cooked_chicken":4,"minecraft:iron_pickaxe":1,"minecraft:iron_sword":1,"minecraft:iron_leggings":1,"minecraft:torch":76,"minecraft:birch_planks":12,"minecraft:air":0},"minecraft:custom":{"minecraft:time_since_rest":36173,"minecraft:interact_with_furnace":13,"minecraft:sprint_one_cm":89069,"minecraft:damage_taken":291,"minecraft:walk_one_cm":128488,"minecraft:mob_kills":6,"minecraft:drop":5,"minecraft:damage_dealt":1040,"minecraft:interact_with_crafting_table":4,"minecraft:fly_one_cm":112759,"minecraft:open_chest":22,"minecraft:crouch_one_cm":1721,"minecraft:play_time":36173,"minecraft:sneak_time":933,"minecraft:jump":646,"minecraft:interact_with_stonecutter":1,"minecraft:leave_game":1,"minecraft:walk_on_water_one_cm":708,"minecraft:time_since_death":36173,"minecraft:climb_one_cm":1115,"minecraft:total_world_time":36173,"minecraft:fall_one_cm":20233},"minecraft:mined":{"minecraft:birch_log":5,"minecraft:dandelion":1,"minecraft:cornflower":1,"minecraft:obsidian":15,"minecraft:coal_ore":21,"minecraft:short_grass":24,"minecraft:grass_block":19,"minecraft:oak_log":20,"minecraft:dirt":1,"minecraft:stone":42,"minecraft:netherrack":4,"minecraft:oxeye_daisy":1,"minecraft:oak_leaves":5,"minecraft:fern":5},"minecraft:picked_up":{"minecraft:birch_log":4,"minecraft:magma_block":3,"minecraft:dandelion":1,"minecraft:porkchop":6,"minecraft:oak_log":18,"minecraft:cornflower":1,"minecraft:dirt":19,"minecraft:leather_boots":1,"minecraft:bone":4,"minecraft:arrow":2,"minecraft:rotten_flesh":3,"minecraft:wheat_seeds":1,"minecraft:netherrack":58,"minecraft:obsidian":15,"minecraft:coal":21,"minecraft:cobblestone":42,"minecraft:oxeye_daisy":1,"minecraft:diamond_pickaxe":1},"minecraft:dropped":{"minecraft:porkchop":1,"minecraft:torch":12,"minecraft:cooked_porkchop":1,"minecraft:obsidian":15,"minecraft:leather_boots":1},"minecraft:killed":{"minecraft:skeleton":1,"minecraft:pig":2,"minecraft:zombie":3},"minecraft:used":{"minecraft:diamond_pickaxe":31,"minecraft:iron_pickaxe":63,"minecraft:oak_planks":1,"minecraft:iron_sword":26,"minecraft:torch":2,"minecraft:stone_axe":43,"minecraft:dirt":12,"minecraft:crafting_table":1,"minecraft:cooked_porkchop":4,"minecraft:birch_log":1,"minecraft:cooked_beef":2}},"DataVersion":3953}