{"stats":{"minecraft:crafted":{"minecraft:oak_planks":20,"minecraft:cooked_porkchop":36,"minecraft:crafting_table":1,"minecraft:cooked_chicken":4,"minecraft:iron_sword":1,"minecraft:birch_planks":12,"minecraft:air":0,"minecraft:iron_chestplate":1,"minecraft:iron_boots":1,"minecraft:stick":36,"minecraft:iron_pickaxe":1,"minecraft:iron_leggings":1,"minecraft:torch":76},"minecraft:custom":{"minecraft:interact_with_furnace":13,"minecraft:mob_kills":7,"minecraft:interact_with_crafting_table":4,"minecraft:interact_with_stonecutter":1,"minecraft:leave_game":1,"minecraft:time_since_death":48173,"minecraft:climb_one_cm":1115,"minecraft:time_since_rest":48173,"minecraft:sprint_one_cm":95539,"minecraft:damage_taken":421,"minecraft:walk_one_cm":183403,"minecraft:drop":5,"minecraft:damage_dealt":1240,"minecraft:fly_one_cm":119901,"minecraft:open_chest":22,"minecraft:crouch_one_cm":3376,"minecraft:play_time":48173,"minecraft:sneak_time":1666,"minecraft:jump":793,"minecraft:walk_on_water_one_cm":4089,"minecraft:total_world_time":48173,"minecraft:fall_one_cm":22702},"minecraft:mined":{"minecraft:dandelion":1,"minecraft:obsidian":15,"minecraft:cornflower":2,"minecraft:torch":1,"minecraft:short_grass":40,"minecraft:grass_block":35,"minecraft:cobblestone":4,"minecraft:oxeye_daisy":2,"minecraft:birch_log":5,"minecraft:oak_log":20,"minecraft:coal_ore":21,"minecraft:dirt":14,"minecraft:birch_sign":2,"minecraft:stone":42,"minecraft:netherrack":4,"minecraft:oak_leaves":5,"minecraft:fern":5},"minecraft:picked_up":{"minecraft:birch_log":4,"minecraft:magma_block":3,"minecraft:oak_log":18,"minecraft:cornflower":2,"minecraft:dirt":48,"minecraft:leather_boots":1,"minecraft:bone":6,"minecraft:wheat_seeds":2,"minecraft:torch":1,"minecraft:dandelion":1,"minecraft:porkchop":6,"minecraft:arrow":4,"minecraft:rotten_flesh":3,"minecraft:birch_sign":3,"minecraft:netherrack":59,"minecraft:obsidian":15,"minecraft:coal":21,"minecraft:diamond_pickaxe":1,"minecraft:cobblestone":46,"minecraft:oxeye_daisy":2},"minecraft:dropped":{"minecraft:porkchop":1,"minecraft:cooked_porkchop":1,"minecraft:obsidian":15,"minecraft:torch":12,"minecraft:leather_boots":1},"minecraft:killed":{"minecraft:pig":2,"minecraft:skeleton":2,"minecraft:zombie":3},"minecraft:used":{"minecraft:oak_planks":1,"minecraft:iron_sword":31,"minecraft:torch":6,"minecraft:dirt":48,"minecraft:crafting_table":1,"minecraft:birch_sign":3,"minecraft:diamond_pickaxe":34,"minecraft:cornflower":1,"minecraft:oxeye_daisy":1,"minecraft:iron_pickaxe":87,"minecraft:stone_axe":43,"minecraft:cobblestone":2,"minecraft:magma_block":3,"minecraft:cooked_porkchop":4,"minecraft:birch_log":1,"minecraft:cooked_beef":3,"minecraft:dandelion":1}},"DataVersion":3953}