{"stats":{"minecraft:crafted":{"minecraft:oak_planks":20,"minecraft:cooked_porkchop":36,"minecraft:crafting_table":1,"minecraft:cooked_chicken":4,"minecraft:iron_sword":1,"minecraft:birch_planks":12,"minecraft:air":0,"minecraft:iron_chestplate":1,"minecraft:iron_boots":1,"minecraft:stick":36,"minecraft:iron_pickaxe":1,"minecraft:iron_leggings":1,"minecraft:torch":76},"minecraft:custom":{"minecraft:interact_with_furnace":13,"minecraft:mob_kills":9,"minecraft:interact_with_crafting_table":4,"minecraft:interact_with_stonecutter":1,"minecraft:leave_game":1,"minecraft:time_since_death":60173,"minecraft:sleep_in_bed":1,"minecraft:climb_one_cm":1310,"minecraft:time_since_rest":7601,"minecraft:sprint_one_cm":113594,"minecraft:damage_taken":651,"minecraft:walk_one_cm":266364,"minecraft:drop":6,"minecraft:damage_dealt":1712,"minecraft:fly_one_cm":133856,"minecraft:open_chest":22,"minecraft:crouch_one_cm":3524,"minecraft:play_time":60173,"minecraft:sneak_time":1713,"minecraft:jump":1001,"minecraft:walk_on_water_one_cm":4113,"minecraft:total_world_time":60173,"minecraft:fall_one_cm":27161},"minecraft:mined":{"minecraft:dandelion":21,"minecraft:obsidian":15,"minecraft:cornflower":2,"minecraft:torch":2,"minecraft:short_grass":46,"minecraft:grass_block":35,"minecraft:poppy":1,"minecraft:cobblestone":19,"minecraft:oxeye_daisy":4,"minecraft:birch_log":5,"minecraft:azure_bluet":1,"minecraft:oak_log":20,"minecraft:coal_ore":21,"minecraft:dirt":14,"minecraft:birch_sign":2,"minecraft:stone":42,"minecraft:netherrack":12,"minecraft:oak_leaves":5,"minecraft:fern":5},"minecraft:picked_up":{"minecraft:birch_log":4,"minecraft:magma_block":3,"minecraft:azure_bluet":1,"minecraft:oak_log":18,"minecraft:cornflower":2,"minecraft:dirt":52,"minecraft:leather_boots":1,"minecraft:bone":7,"minecraft:wheat_seeds":5,"minecraft:iron_ingot":1,"minecraft:poppy":1,"minecraft:stick":9,"minecraft:torch":2,"minecraft:dandelion":20,"minecraft:porkchop":6,"minecraft:carrot":1,"minecraft:arrow":4,"minecraft:rotten_flesh":3,"minecraft:birch_sign":3,"minecraft:netherrack":67,"minecraft:obsidian":15,"minecraft:coal":21,"minecraft:diamond_pickaxe":1,"minecraft:cobblestone":58,"minecraft:oxeye_daisy":4},"minecraft:dropped":{"minecraft:porkchop":1,"minecraft:cooked_porkchop":1,"minecraft:obsidian":15,"minecraft:stick":9,"minecraft:torch":12,"minecraft:leather_boots":1},"minecraft:killed":{"minecraft:pig":2,"minecraft:skeleton":3,"minecraft:zombie":4},"minecraft:used":{"minecraft:oak_planks":1,"minecraft:iron_sword":64,"minecraft:netherrack":33,"minecraft:torch":16,"minecraft:dirt":48,"minecraft:crafting_table":1,"minecraft:birch_sign":3,"minecraft:diamond_pickaxe":50,"minecraft:cornflower":1,"minecraft:oxeye_daisy":3,"minecraft:iron_pickaxe":96,"minecraft:stone_axe":43,"minecraft:cobblestone":13,"minecraft:magma_block":3,"minecraft:cooked_porkchop":6,"minecraft:birch_log":1,"minecraft:cooked_beef":3,"minecraft:dandelion":14}},"DataVersion":3953}