{"stats":{"minecraft:crafted":{"minecraft:iron_leggings":1,"minecraft:oak_planks":20,"minecraft:iron_chestplate":1,"minecraft:iron_boots":1,"minecraft:cooked_porkchop":9,"minecraft:birch_planks":12,"minecraft:iron_pickaxe":1,"minecraft:cooked_chicken":4,"minecraft:iron_sword":1},"minecraft:custom":{"minecraft:open_chest":18,"minecraft:time_since_rest":12173,"minecraft:sprint_one_cm":25765,"minecraft:crouch_one_cm":1376,"minecraft:interact_with_furnace":8,"minecraft:play_time":12173,"minecraft:damage_taken":100,"minecraft:walk_one_cm":42848,"minecraft:sneak_time":411,"minecraft:drop":2,"minecraft:jump":169,"minecraft:interact_with_stonecutter":1,"minecraft:leave_game":1,"minecraft:time_since_death":12173,"minecraft:total_world_time":12173,"minecraft:climb_one_cm":757,"minecraft:interact_with_crafting_table":3,"minecraft:fall_one_cm":5158,"minecraft:fly_one_cm":23632},"minecraft:mined":{"minecraft:short_grass":1,"minecraft:grass_block":17,"minecraft:oak_log":5,"minecraft:dirt":1,"minecraft:birch_log":5,"minecraft:oak_leaves":1},"minecraft:picked_up":{"minecraft:birch_log":4,"minecraft:porkchop":1,"minecraft:oak_log":5,"minecraft:dirt":17,"minecraft:leather_boots":1},"minecraft:dropped":{"minecraft:porkchop":1,"minecraft:leather_boots":1},"minecraft:used":{"minecraft:stone_axe":7,"minecraft:dirt":6,"minecraft:birch_log":1}},"DataVersion":3953}