{"stats":{"minecraft:crafted":{"minecraft:oak_planks":20,"minecraft:iron_boots":1,"minecraft:iron_chestplate":1,"minecraft:cooked_porkchop":36,"minecraft:cooked_chicken":4,"minecraft:iron_pickaxe":1,"minecraft:iron_sword":1,"minecraft:iron_leggings":1,"minecraft:birch_planks":12,"minecraft:air":0},"minecraft:custom":{"minecraft:time_since_rest":24173,"minecraft:interact_with_furnace":12,"minecraft:sprint_one_cm":45725,"minecraft:damage_taken":247,"minecraft:walk_one_cm":85157,"minecraft:mob_kills":2,"minecraft:drop":3,"minecraft:damage_dealt":440,"minecraft:interact_with_crafting_table":3,"minecraft:fly_one_cm":42645,"minecraft:open_chest":20,"minecraft:crouch_one_cm":1560,"minecraft:play_time":24173,"minecraft:sneak_time":615,"minecraft:jump":333,"minecraft:interact_with_stonecutter":1,"minecraft:leave_game":1,"minecraft:walk_on_water_one_cm":223,"minecraft:time_since_death":24173,"minecraft:climb_one_cm":757,"minecraft:total_world_time":24173,"minecraft:fall_one_cm":9313},"minecraft:mined":{"minecraft:birch_log":5,"minecraft:obsidian":15,"minecraft:short_grass":15,"minecraft:grass_block":17,"minecraft:oak_log":20,"minecraft:dirt":1,"minecraft:netherrack":4,"minecraft:oak_leaves":5},"minecraft:picked_up":{"minecraft:birch_log":4,"minecraft:magma_block":3,"minecraft:porkchop":1,"minecraft:oak_log":18,"minecraft:dirt":17,"minecraft:leather_boots":1,"minecraft:bone":2,"minecraft:arrow":1,"minecraft:rotten_flesh":2,"minecraft:wheat_seeds":1,"minecraft:netherrack":58,"minecraft:obsidian":15,"minecraft:diamond_pickaxe":1},"minecraft:dropped":{"minecraft:porkchop":1,"minecraft:cooked_porkchop":1,"minecraft:leather_boots":1},"minecraft:killed":{"minecraft:zombie":2},"minecraft:used":{"minecraft:diamond_pickaxe":19,"minecraft:oak_planks":1,"minecraft:iron_sword":12,"minecraft:stone_axe":38,"minecraft:dirt":12,"minecraft:cooked_porkchop":4,"minecraft:birch_log":1}},"DataVersion":3953}