{"stats":{"minecraft:used":{"minecraft:wooden_axe":32,"minecraft:apple":1,"minecraft:stone_pickaxe":25,"minecraft:birch_button":1,"minecraft:dirt":2,"minecraft:crafting_table":1},"minecraft:picked_up":{"minecraft:birch_log":16,"minecraft:stick":4,"minecraft:crafting_table":3,"minecraft:birch_planks":25,"minecraft:birch_button":1,"minecraft:oak_log":17,"minecraft:dirt":24,"minecraft:rotten_flesh":2,"minecraft:apple":1,"minecraft:wheat_seeds":1,"minecraft:oak_sapling":3,"minecraft:coal":5,"minecraft:cobblestone":24},"minecraft:dropped":{"minecraft:wheat_seeds":1},"minecraft:killed":{"minecraft:skeleton":1,"minecraft:zombie":1},"minecraft:custom":{"minecraft:time_since_rest":2337,"minecraft:sprint_one_cm":17986,"minecraft:damage_taken":632,"minecraft:walk_one_cm":33087,"minecraft:mob_kills":2,"minecraft:drop":1,"minecraft:damage_dealt":458,"minecraft:interact_with_crafting_table":2,"minecraft:player_kills":1,"minecraft:fly_one_cm":14002,"minecraft:crouch_one_cm":6272,"minecraft:play_time":11159,"minecraft:deaths":2,"minecraft:walk_under_water_one_cm":7871,"minecraft:sneak_time":1591,"minecraft:jump":201,"minecraft:leave_game":2,"minecraft:walk_on_water_one_cm":7320,"minecraft:time_since_death":2309,"minecraft:total_world_time":11159,"minecraft:fall_one_cm":6196},"minecraft:mined":{"minecraft:birch_log":14,"minecraft:short_grass":2,"minecraft:coal_ore":5,"minecraft:grass_block":1,"minecraft:oak_log":17,"minecraft:stone":20,"minecraft:oak_leaves":1},"minecraft:killed_by":{"minecraft:player":2},"minecraft:crafted":{"minecraft:oak_planks":68,"minecraft:crafting_table":1,"minecraft:stick":16,"minecraft:stone_pickaxe":1,"minecraft:wooden_axe":1,"minecraft:birch_button":1,"minecraft:birch_planks":64}},"DataVersion":3953}