{"stats":{"minecraft:used":{"minecraft:cooked_mutton":3,"minecraft:iron_shovel":4,"minecraft:stone_pickaxe":63,"minecraft:iron_pickaxe":1,"minecraft:wooden_pickaxe":51,"minecraft:sugar_cane":10,"minecraft:stone_axe":21,"minecraft:dirt":4,"minecraft:cobblestone":13,"minecraft:crafting_table":2,"minecraft:furnace":1},"minecraft:picked_up":{"minecraft:birch_log":18,"minecraft:crafting_table":3,"minecraft:raw_iron":5,"minecraft:salmon":1,"minecraft:porkchop":6,"minecraft:dirt":4,"minecraft:rotten_flesh":1,"minecraft:sugar_cane":10,"minecraft:birch_sapling":1,"minecraft:mutton":4,"minecraft:coal":12,"minecraft:white_wool":2,"minecraft:cobblestone":96,"minecraft:furnace":1},"minecraft:dropped":{"minecraft:birch_sapling":1,"minecraft:stone_pickaxe":1,"minecraft:wooden_pickaxe":1},"minecraft:killed":{"minecraft:sheep":2,"minecraft:zombie":1,"minecraft:pig":3,"minecraft:salmon":1},"minecraft:custom":{"minecraft:time_since_rest":17843,"minecraft:interact_with_furnace":11,"minecraft:sprint_one_cm":19253,"minecraft:damage_taken":177,"minecraft:walk_one_cm":41372,"minecraft:mob_kills":8,"minecraft:drop":3,"minecraft:damage_dealt":799,"minecraft:swim_one_cm":4606,"minecraft:fly_one_cm":11866,"minecraft:interact_with_crafting_table":10,"minecraft:crouch_one_cm":3712,"minecraft:play_time":17843,"minecraft:sneak_time":1298,"minecraft:walk_under_water_one_cm":1721,"minecraft:jump":244,"minecraft:walk_on_water_one_cm":5065,"minecraft:time_since_death":17843,"minecraft:total_world_time":17843,"minecraft:fall_one_cm":2410},"minecraft:mined":{"minecraft:furnace":1,"minecraft:birch_log":18,"minecraft:iron_ore":5,"minecraft:crafting_table":3,"minecraft:grass_block":1,"minecraft:coal_ore":7,"minecraft:dirt":3,"minecraft:stone":102,"minecraft:sugar_cane":6},"minecraft:crafted":{"minecraft:stick":16,"minecraft:iron_ingot":5,"minecraft:wooden_pickaxe":1,"minecraft:iron_pickaxe":1,"minecraft:stone_pickaxe":1,"minecraft:iron_shovel":2,"minecraft:furnace":1,"minecraft:torch":16,"minecraft:birch_planks":72,"minecraft:stone_axe":1,"minecraft:cooked_mutton":4,"minecraft:air":0}},"DataVersion":3953}