{"stats":{"minecraft:used":{"minecraft:cooked_mutton":4,"minecraft:water_bucket":3,"minecraft:iron_shovel":215,"minecraft:flint_and_steel":2,"minecraft:stone_pickaxe":63,"minecraft:shield":4,"minecraft:chest":2,"minecraft:wooden_pickaxe":51,"minecraft:sugar_cane":10,"minecraft:netherrack":4,"minecraft:rotten_flesh":1,"minecraft:dirt":156,"minecraft:crafting_table":4,"minecraft:white_bed":4,"minecraft:obsidian":26,"minecraft:diamond_pickaxe":62,"minecraft:bread":13,"minecraft:iron_pickaxe":253,"minecraft:stone_axe":53,"minecraft:golden_sword":32,"minecraft:fire_charge":1,"minecraft:cobblestone":57,"minecraft:furnace":2,"minecraft:bucket":4,"minecraft:yellow_bed":5,"minecraft:potato":1},"minecraft:picked_up":{"minecraft:birch_log":18,"minecraft:crafting_table":4,"minecraft:salmon":4,"minecraft:potato":1,"minecraft:oak_log":6,"minecraft:yellow_bed":5,"minecraft:dirt":216,"minecraft:bone":5,"minecraft:wheat_seeds":6,"minecraft:iron_ingot":3,"minecraft:sugar_cane":10,"minecraft:birch_sapling":1,"minecraft:furnace":1,"minecraft:raw_iron":5,"minecraft:quartz":30,"minecraft:fire_charge":1,"minecraft:porkchop":8,"minecraft:white_bed":4,"minecraft:arrow":7,"minecraft:rotten_flesh":2,"minecraft:hay_block":10,"minecraft:netherrack":223,"minecraft:obsidian":42,"minecraft:mutton":7,"minecraft:crimson_roots":1,"minecraft:coal":12,"minecraft:cobblestone":106,"minecraft:white_wool":5},"minecraft:dropped":{"minecraft:birch_sapling":1,"minecraft:rotten_flesh":1,"minecraft:fire_charge":1,"minecraft:wooden_pickaxe":1,"minecraft:stone_pickaxe":1},"minecraft:killed":{"minecraft:pig":4,"minecraft:salmon":4,"minecraft:spider":3,"minecraft:iron_golem":1,"minecraft:sheep":5,"minecraft:skeleton":4,"minecraft:zombie":3},"minecraft:custom":{"minecraft:interact_with_furnace":16,"minecraft:mob_kills":25,"minecraft:interact_with_crafting_table":16,"minecraft:bell_ring":3,"minecraft:time_since_death":59843,"minecraft:climb_one_cm":537,"minecraft:time_since_rest":59843,"minecraft:sprint_one_cm":118406,"minecraft:damage_taken":774,"minecraft:walk_one_cm":160180,"minecraft:damage_blocked_by_shield":115,"minecraft:drop":5,"minecraft:damage_dealt":3970,"minecraft:swim_one_cm":10058,"minecraft:fly_one_cm":120489,"minecraft:open_chest":21,"minecraft:crouch_one_cm":6694,"minecraft:play_time":59843,"minecraft:sneak_time":2674,"minecraft:walk_under_water_one_cm":5489,"minecraft:jump":903,"minecraft:walk_on_water_one_cm":6593,"minecraft:total_world_time":59843,"minecraft:fall_one_cm":20392},"minecraft:mined":{"minecraft:white_bed":4,"minecraft:crimson_nylium":3,"minecraft:obsidian":43,"minecraft:crafting_table":4,"minecraft:short_grass":14,"minecraft:grass_block":207,"minecraft:nether_quartz_ore":30,"minecraft:cobblestone":11,"minecraft:sugar_cane":6,"minecraft:seagrass":1,"minecraft:hay_block":10,"minecraft:tall_seagrass":1,"minecraft:furnace":1,"minecraft:fire":1,"minecraft:birch_log":18,"minecraft:iron_ore":5,"minecraft:yellow_bed":5,"minecraft:coal_ore":7,"minecraft:potatoes":1,"minecraft:oak_log":6,"minecraft:dirt_path":1,"minecraft:oak_stairs":1,"minecraft:dirt":8,"minecraft:stone":102,"minecraft:netherrack":224,"minecraft:oak_leaves":2},"minecraft:crafted":{"minecraft:oak_planks":24,"minecraft:wooden_pickaxe":1,"minecraft:furnace":1,"minecraft:cooked_salmon":4,"minecraft:bucket":1,"minecraft:birch_planks":72,"minecraft:stone_axe":1,"minecraft:cooked_mutton":7,"minecraft:bread":30,"minecraft:air":0,"minecraft:flint_and_steel":1,"minecraft:diamond_pickaxe":1,"minecraft:shield":1,"minecraft:stick":20,"minecraft:iron_ingot":5,"minecraft:iron_pickaxe":1,"minecraft:stone_pickaxe":1,"minecraft:chest":2,"minecraft:iron_shovel":2,"minecraft:torch":16,"minecraft:wheat":90},"minecraft:broken":{"minecraft:golden_sword":1,"minecraft:iron_pickaxe":1}},"DataVersion":3953}