{"stats":{"minecraft:used":{"minecraft:iron_shovel":272,"minecraft:flint_and_steel":3,"minecraft:ladder":12,"minecraft:chest":3,"minecraft:shield":6,"minecraft:iron_sword":144,"minecraft:bell":2,"minecraft:cooked_salmon":4,"minecraft:rotten_flesh":1,"minecraft:netherrack":23,"minecraft:dirt":178,"minecraft:carrot":10,"minecraft:obsidian":26,"minecraft:iron_axe":27,"minecraft:golden_sword":32,"minecraft:golden_carrot":4,"minecraft:furnace":2,"minecraft:cooked_beef":14,"minecraft:potato":8,"minecraft:golden_axe":1,"minecraft:wheat_seeds":16,"minecraft:cooked_mutton":4,"minecraft:water_bucket":9,"minecraft:stone_pickaxe":63,"minecraft:wooden_pickaxe":51,"minecraft:sugar_cane":20,"minecraft:crafting_table":9,"minecraft:white_bed":6,"minecraft:oak_log":1,"minecraft:diamond_pickaxe":115,"minecraft:bread":41,"minecraft:iron_pickaxe":664,"minecraft:stone_axe":108,"minecraft:fire_charge":1,"minecraft:cobblestone":109,"minecraft:cooked_porkchop":2,"minecraft:bucket":10,"minecraft:yellow_bed":8,"minecraft:oak_boat":3,"minecraft:bone_meal":6},"minecraft:picked_up":{"minecraft:crafting_table":8,"minecraft:wheat":26,"minecraft:oak_stairs":1,"minecraft:nether_brick":7,"minecraft:shield":2,"minecraft:string":3,"minecraft:cooked_salmon":1,"minecraft:flint_and_steel":1,"minecraft:iron_leggings":2,"minecraft:iron_shovel":1,"minecraft:blackstone":16,"minecraft:gold_nugget":180,"minecraft:cobbled_deepslate":1,"minecraft:oak_boat":3,"minecraft:poppy":1,"minecraft:iron_pickaxe":3,"minecraft:melon_slice":175,"minecraft:sugar_cane":16,"minecraft:birch_sapling":1,"minecraft:furnace":2,"minecraft:raw_iron":8,"minecraft:stick":20,"minecraft:torch":21,"minecraft:acacia_log":20,"minecraft:fire_charge":1,"minecraft:porkchop":38,"minecraft:polished_blackstone_bricks":40,"minecraft:golden_axe":1,"minecraft:diorite":1,"minecraft:carrot":36,"minecraft:golden_chestplate":1,"minecraft:arrow":53,"minecraft:rotten_flesh":33,"minecraft:golden_hoe":3,"minecraft:hay_block":10,"minecraft:gold_ingot":10,"minecraft:mutton":7,"minecraft:obsidian":50,"minecraft:white_wool":5,"minecraft:cobblestone":152,"minecraft:birch_log":36,"minecraft:cooked_beef":22,"minecraft:basalt":2,"minecraft:andesite":3,"minecraft:water_bucket":1,"minecraft:salmon":4,"minecraft:leather":21,"minecraft:potato":30,"minecraft:crimson_fungus":1,"minecraft:oak_log":32,"minecraft:golden_boots":1,"minecraft:yellow_bed":8,"minecraft:dirt":385,"minecraft:bone":16,"minecraft:wheat_seeds":80,"minecraft:raw_gold":4,"minecraft:bell":3,"minecraft:stone_pickaxe":1,"minecraft:iron_ingot":21,"minecraft:iron_sword":5,"minecraft:oak_planks":23,"minecraft:cooked_porkchop":8,"minecraft:quartz":36,"minecraft:gravel":1,"minecraft:white_bed":6,"minecraft:diamond":4,"minecraft:stone_axe":1,"minecraft:cracked_polished_blackstone_bricks":12,"minecraft:crossbow":1,"minecraft:bread":37,"minecraft:piglin_banner_pattern":1,"minecraft:netherrack":547,"minecraft:coal":39,"minecraft:crimson_roots":4,"minecraft:ender_pearl":5,"minecraft:diamond_pickaxe":1},"minecraft:dropped":{"minecraft:golden_boots":2,"minecraft:iron_ingot":11,"minecraft:bread":12,"minecraft:iron_sword":5,"minecraft:wheat_seeds":3,"minecraft:ender_pearl":2,"minecraft:crossbow":1,"minecraft:leather":19,"minecraft:melon_slice":64,"minecraft:fire_charge":1,"minecraft:iron_leggings":1,"minecraft:golden_hoe":2,"minecraft:bone_meal":6,"minecraft:polished_blackstone_bricks":38,"minecraft:iron_pickaxe":1,"minecraft:string":3,"minecraft:gold_ingot":11,"minecraft:furnace":1,"minecraft:crimson_fungus":1,"minecraft:golden_chestplate":1,"minecraft:birch_sapling":1,"minecraft:rotten_flesh":2,"minecraft:oak_planks":10,"minecraft:shield":1,"minecraft:piglin_banner_pattern":1,"minecraft:andesite":3,"minecraft:oak_boat":1,"minecraft:basalt":2,"minecraft:arrow":34,"minecraft:stone_pickaxe":2,"minecraft:wooden_pickaxe":1,"minecraft:netherrack":32},"minecraft:killed":{"minecraft:spider":3,"minecraft:skeleton":12,"minecraft:piglin_brute":2,"minecraft:piglin":18,"minecraft:pig":4,"minecraft:salmon":4,"minecraft:iron_golem":2,"minecraft:hoglin":7,"minecraft:sheep":5,"minecraft:zombie":11},"minecraft:custom":{"minecraft:mob_kills":71,"minecraft:interact_with_crafting_table":50,"minecraft:bell_ring":9,"minecraft:time_since_death":16416,"minecraft:climb_one_cm":3087,"minecraft:sprint_one_cm":318635,"minecraft:walk_one_cm":455646,"minecraft:damage_blocked_by_shield":195,"minecraft:drop":53,"minecraft:talked_to_villager":4,"minecraft:play_time":143843,"minecraft:deaths":3,"minecraft:sneak_time":6328,"minecraft:walk_under_water_one_cm":24904,"minecraft:boat_one_cm":384,"minecraft:jump":2809,"minecraft:walk_on_water_one_cm":16126,"minecraft:total_world_time":143843,"minecraft:interact_with_furnace":37,"minecraft:sleep_in_bed":3,"minecraft:time_since_rest":16448,"minecraft:damage_taken":5090,"minecraft:damage_dealt":14246,"minecraft:swim_one_cm":10058,"minecraft:fly_one_cm":369615,"minecraft:open_chest":99,"minecraft:crouch_one_cm":19504,"minecraft:interact_with_smoker":7,"minecraft:fall_one_cm":82111},"minecraft:mined":{"minecraft:nether_gold_ore":45,"minecraft:white_bed":6,"minecraft:deepslate_diamond_ore":4,"minecraft:obsidian":51,"minecraft:acacia_log":20,"minecraft:grass_block":266,"minecraft:crimson_roots":3,"minecraft:cracked_polished_blackstone_bricks":14,"minecraft:weeping_vines":1,"minecraft:soul_soil":1,"minecraft:hay_block":10,"minecraft:polished_blackstone_bricks":21,"minecraft:tall_seagrass":1,"minecraft:furnace":1,"minecraft:carrots":10,"minecraft:iron_ore":7,"minecraft:fire":2,"minecraft:bell":2,"minecraft:deepslate_iron_ore":1,"minecraft:potatoes":9,"minecraft:dirt_path":1,"minecraft:vine":1,"minecraft:oak_stairs":1,"minecraft:stone":112,"minecraft:acacia_leaves":1,"minecraft:blackstone":1,"minecraft:crimson_nylium":10,"minecraft:basalt":2,"minecraft:crafting_table":8,"minecraft:short_grass":36,"minecraft:melon":15,"minecraft:tall_grass":3,"minecraft:nether_quartz_ore":37,"minecraft:cobblestone":21,"minecraft:deepslate_gold_ore":4,"minecraft:sugar_cane":8,"minecraft:diorite":1,"minecraft:seagrass":1,"minecraft:birch_log":18,"minecraft:wheat":17,"minecraft:yellow_bed":8,"minecraft:oak_log":32,"minecraft:coal_ore":34,"minecraft:dirt":14,"minecraft:netherrack":506,"minecraft:oak_leaves":2,"minecraft:deepslate":1,"minecraft:fern":1},"minecraft:killed_by":{"minecraft:zombified_piglin":1},"minecraft:crafted":{"minecraft:oak_planks":76,"minecraft:furnace":1,"minecraft:bone_meal":12,"minecraft:cooked_mutton":7,"minecraft:flint_and_steel":1,"minecraft:iron_boots":1,"minecraft:iron_axe":1,"minecraft:ladder":12,"minecraft:stone_pickaxe":1,"minecraft:chest":3,"minecraft:golden_boots":2,"minecraft:wheat":90,"minecraft:cooked_beef":10,"minecraft:cooked_porkchop":8,"minecraft:crafting_table":3,"minecraft:wooden_pickaxe":1,"minecraft:iron_helmet":1,"minecraft:iron_sword":1,"minecraft:cooked_salmon":4,"minecraft:bucket":2,"minecraft:birch_planks":72,"minecraft:stone_axe":2,"minecraft:bread":34,"minecraft:air":0,"minecraft:oak_boat":2,"minecraft:iron_chestplate":1,"minecraft:diamond_pickaxe":1,"minecraft:gold_nugget":9,"minecraft:shield":1,"minecraft:stick":64,"minecraft:iron_ingot":45,"minecraft:iron_pickaxe":4,"minecraft:iron_shovel":2,"minecraft:gold_ingot":14,"minecraft:iron_leggings":1,"minecraft:acacia_planks":80,"minecraft:torch":16},"minecraft:broken":{"minecraft:iron_shovel":1,"minecraft:golden_sword":1,"minecraft:stone_axe":1,"minecraft:iron_pickaxe":1}},"DataVersion":3953}