{"stats":{"minecraft:used":{"minecraft:wheat_seeds":14,"minecraft:cooked_mutton":4,"minecraft:water_bucket":3,"minecraft:iron_shovel":223,"minecraft:flint_and_steel":3,"minecraft:stone_pickaxe":63,"minecraft:shield":5,"minecraft:chest":3,"minecraft:wooden_pickaxe":51,"minecraft:sugar_cane":10,"minecraft:netherrack":18,"minecraft:rotten_flesh":1,"minecraft:dirt":164,"minecraft:crafting_table":4,"minecraft:carrot":5,"minecraft:white_bed":4,"minecraft:obsidian":26,"minecraft:oak_log":1,"minecraft:diamond_pickaxe":112,"minecraft:bread":21,"minecraft:iron_pickaxe":259,"minecraft:stone_axe":78,"minecraft:golden_sword":32,"minecraft:fire_charge":1,"minecraft:cobblestone":73,"minecraft:furnace":2,"minecraft:bucket":4,"minecraft:yellow_bed":5,"minecraft:potato":5},"minecraft:picked_up":{"minecraft:birch_log":18,"minecraft:crafting_table":4,"minecraft:wheat":13,"minecraft:salmon":4,"minecraft:oak_stairs":1,"minecraft:potato":16,"minecraft:oak_log":7,"minecraft:yellow_bed":5,"minecraft:dirt":222,"minecraft:bone":7,"minecraft:wheat_seeds":43,"minecraft:bell":1,"minecraft:iron_ingot":7,"minecraft:poppy":1,"minecraft:sugar_cane":10,"minecraft:birch_sapling":1,"minecraft:furnace":1,"minecraft:raw_iron":5,"minecraft:quartz":30,"minecraft:fire_charge":1,"minecraft:porkchop":8,"minecraft:white_bed":4,"minecraft:carrot":15,"minecraft:arrow":9,"minecraft:rotten_flesh":16,"minecraft:hay_block":10,"minecraft:netherrack":254,"minecraft:obsidian":50,"minecraft:mutton":7,"minecraft:crimson_roots":2,"minecraft:coal":12,"minecraft:cobblestone":112,"minecraft:white_wool":5,"minecraft:ender_pearl":1},"minecraft:dropped":{"minecraft:wheat_seeds":1,"minecraft:birch_sapling":1,"minecraft:rotten_flesh":1,"minecraft:fire_charge":1,"minecraft:wooden_pickaxe":1,"minecraft:stone_pickaxe":1},"minecraft:killed":{"minecraft:pig":4,"minecraft:salmon":4,"minecraft:spider":3,"minecraft:iron_golem":2,"minecraft:sheep":5,"minecraft:skeleton":5,"minecraft:zombie":9},"minecraft:custom":{"minecraft:interact_with_furnace":17,"minecraft:mob_kills":33,"minecraft:interact_with_crafting_table":21,"minecraft:bell_ring":3,"minecraft:time_since_death":71843,"minecraft:sleep_in_bed":1,"minecraft:climb_one_cm":537,"minecraft:time_since_rest":6878,"minecraft:sprint_one_cm":145447,"minecraft:damage_taken":1275,"minecraft:walk_one_cm":210488,"minecraft:damage_blocked_by_shield":145,"minecraft:drop":6,"minecraft:damage_dealt":6186,"minecraft:swim_one_cm":10058,"minecraft:fly_one_cm":149892,"minecraft:open_chest":30,"minecraft:crouch_one_cm":8738,"minecraft:play_time":71843,"minecraft:sneak_time":3288,"minecraft:walk_under_water_one_cm":5489,"minecraft:jump":1128,"minecraft:walk_on_water_one_cm":6850,"minecraft:total_world_time":71843,"minecraft:fall_one_cm":26423},"minecraft:mined":{"minecraft:white_bed":4,"minecraft:crimson_nylium":5,"minecraft:obsidian":51,"minecraft:crafting_table":4,"minecraft:short_grass":14,"minecraft:grass_block":207,"minecraft:crimson_roots":1,"minecraft:weeping_vines":1,"minecraft:nether_quartz_ore":30,"minecraft:cobblestone":17,"minecraft:sugar_cane":6,"minecraft:seagrass":1,"minecraft:hay_block":10,"minecraft:tall_seagrass":1,"minecraft:furnace":1,"minecraft:carrots":4,"minecraft:wheat":14,"minecraft:fire":1,"minecraft:birch_log":18,"minecraft:iron_ore":5,"minecraft:yellow_bed":5,"minecraft:bell":1,"minecraft:coal_ore":7,"minecraft:potatoes":5,"minecraft:oak_log":6,"minecraft:dirt_path":1,"minecraft:oak_stairs":1,"minecraft:dirt":14,"minecraft:stone":102,"minecraft:netherrack":254,"minecraft:oak_leaves":2},"minecraft:crafted":{"minecraft:oak_planks":24,"minecraft:cooked_porkchop":8,"minecraft:wooden_pickaxe":1,"minecraft:furnace":1,"minecraft:cooked_salmon":4,"minecraft:bucket":1,"minecraft:birch_planks":72,"minecraft:stone_axe":1,"minecraft:cooked_mutton":7,"minecraft:bread":30,"minecraft:air":0,"minecraft:flint_and_steel":1,"minecraft:diamond_pickaxe":1,"minecraft:gold_nugget":9,"minecraft:shield":1,"minecraft:stick":24,"minecraft:iron_ingot":5,"minecraft:iron_pickaxe":2,"minecraft:stone_pickaxe":1,"minecraft:chest":3,"minecraft:iron_shovel":2,"minecraft:torch":16,"minecraft:wheat":90},"minecraft:broken":{"minecraft:golden_sword":1,"minecraft:stone_axe":1,"minecraft:iron_pickaxe":1}},"DataVersion":3953}