{"stats":{"minecraft:custom":{"minecraft:animals_bred":17,"minecraft:interact_with_crafting_table":62,"minecraft:bell_ring":9,"minecraft:leave_game":1,"minecraft:time_since_death":15690,"minecraft:sprint_one_cm":560808,"minecraft:damage_blocked_by_shield":195,"minecraft:drop":78,"minecraft:talked_to_villager":5,"minecraft:play_time":319754,"minecraft:deaths":8,"minecraft:jump":4712,"minecraft:interact_with_brewingstand":8,"minecraft:walk_on_water_one_cm":19366,"minecraft:interact_with_furnace":44,"minecraft:sleep_in_bed":6,"minecraft:damage_dealt":27220,"minecraft:crouch_one_cm":46126,"minecraft:interact_with_smoker":14,"minecraft:inspect_dispenser":11,"minecraft:mob_kills":120,"minecraft:interact_with_anvil":3,"minecraft:inspect_hopper":2,"minecraft:climb_one_cm":10779,"minecraft:walk_one_cm":841215,"minecraft:sneak_time":14740,"minecraft:walk_under_water_one_cm":24904,"minecraft:boat_one_cm":406,"minecraft:total_world_time":319754,"minecraft:time_since_rest":15726,"minecraft:damage_taken":6589,"minecraft:swim_one_cm":10058,"minecraft:fly_one_cm":768348,"minecraft:open_chest":332,"minecraft:fall_one_cm":113428},"minecraft:crafted":{"minecraft:oak_planks":76,"minecraft:bookshelf":10,"minecraft:cooked_mutton":7,"minecraft:iron_boots":1,"minecraft:chest":4,"minecraft:golden_boots":2,"minecraft:cooked_porkchop":8,"minecraft:crafting_table":3,"minecraft:wooden_pickaxe":1,"minecraft:baked_potato":17,"minecraft:iron_helmet":1,"minecraft:birch_planks":148,"minecraft:iron_chestplate":1,"minecraft:book":30,"minecraft:paper":87,"minecraft:diamond_pickaxe":1,"minecraft:shield":1,"minecraft:stick":68,"minecraft:iron_ingot":63,"minecraft:iron_pickaxe":4,"minecraft:gold_ingot":20,"minecraft:furnace":1,"minecraft:bone_meal":12,"minecraft:flint_and_steel":1,"minecraft:iron_axe":1,"minecraft:ladder":12,"minecraft:stone_pickaxe":1,"minecraft:birch_sign":3,"minecraft:wheat":90,"minecraft:cooked_beef":10,"minecraft:enchanting_table":1,"minecraft:iron_sword":1,"minecraft:cooked_salmon":4,"minecraft:bucket":2,"minecraft:stone_axe":2,"minecraft:bread":34,"minecraft:air":0,"minecraft:oak_boat":2,"minecraft:gold_nugget":9,"minecraft:iron_shovel":2,"minecraft:iron_leggings":1,"minecraft:acacia_planks":80,"minecraft:torch":16},"minecraft:mined":{"minecraft:white_bed":9,"minecraft:obsidian":51,"minecraft:acacia_log":20,"minecraft:grass_block":272,"minecraft:cracked_polished_blackstone_bricks":14,"minecraft:soul_soil":1,"minecraft:oxeye_daisy":1,"minecraft:polished_blackstone_bricks":21,"minecraft:tall_seagrass":1,"minecraft:magma_block":3,"minecraft:iron_ore":7,"minecraft:fire":2,"minecraft:dirt_path":1,"minecraft:oak_stairs":1,"minecraft:blackstone":1,"minecraft:crimson_nylium":10,"minecraft:melon":15,"minecraft:chest":1,"minecraft:nether_quartz_ore":37,"minecraft:cobblestone":36,"minecraft:sugar_cane":8,"minecraft:seagrass":1,"minecraft:birch_log":19,"minecraft:wheat":31,"minecraft:oak_log":32,"minecraft:beetroots":5,"minecraft:sand":87,"minecraft:dirt":41,"minecraft:netherrack":511,"minecraft:oak_leaves":2,"minecraft:deepslate":1,"minecraft:nether_gold_ore":49,"minecraft:deepslate_diamond_ore":4,"minecraft:crimson_roots":3,"minecraft:weeping_vines":1,"minecraft:hay_block":10,"minecraft:furnace":1,"minecraft:carrots":20,"minecraft:bell":2,"minecraft:bookshelf":1,"minecraft:potatoes":13,"minecraft:deepslate_iron_ore":1,"minecraft:vine":1,"minecraft:stone":112,"minecraft:oak_slab":1,"minecraft:acacia_leaves":1,"minecraft:basalt":2,"minecraft:stone_brick_slab":1,"minecraft:crafting_table":8,"minecraft:short_grass":90,"minecraft:stone_slab":2,"minecraft:tall_grass":3,"minecraft:deepslate_gold_ore":4,"minecraft:diorite":1,"minecraft:yellow_bed":8,"minecraft:coal_ore":34,"minecraft:fern":3},"minecraft:picked_up":{"minecraft:iron_chestplate":2,"minecraft:wheat":39,"minecraft:redstone_block":1,"minecraft:lead":1,"minecraft:stone_slab":2,"minecraft:diamond_sword":1,"minecraft:oak_stairs":1,"minecraft:enchanted_book":1,"minecraft:potion":5,"minecraft:nether_brick":14,"minecraft:string":5,"minecraft:cooked_salmon":1,"minecraft:iron_leggings":4,"minecraft:beetroot":5,"minecraft:gold_nugget":198,"minecraft:cobbled_deepslate":1,"minecraft:wooden_shovel":6,"minecraft:iron_pickaxe":5,"minecraft:melon_slice":175,"minecraft:iron_boots":2,"minecraft:furnace":2,"minecraft:stick":36,"minecraft:oak_fence":1,"minecraft:torch":90,"minecraft:acacia_log":20,"minecraft:porkchop":58,"minecraft:golden_axe":1,"minecraft:diorite":1,"minecraft:golden_chestplate":1,"minecraft:rotten_flesh":51,"minecraft:obsidian":67,"minecraft:blaze_powder":63,"minecraft:cobblestone":257,"minecraft:birch_log":37,"minecraft:cooked_beef":22,"minecraft:water_bucket":4,"minecraft:andesite":3,"minecraft:potato":48,"minecraft:dirt":507,"minecraft:bone":18,"minecraft:bow":1,"minecraft:wheat_seeds":119,"minecraft:raw_gold":4,"minecraft:bell":3,"minecraft:glowstone_dust":1,"minecraft:oak_planks":23,"minecraft:cooked_porkchop":8,"minecraft:sand":87,"minecraft:grass_block":3,"minecraft:spectral_arrow":23,"minecraft:diamond":4,"minecraft:cracked_polished_blackstone_bricks":12,"minecraft:crossbow":1,"minecraft:bread":114,"minecraft:oak_sapling":1,"minecraft:piglin_banner_pattern":1,"minecraft:netherrack":668,"minecraft:crimson_roots":4,"minecraft:diamond_pickaxe":3,"minecraft:crafting_table":8,"minecraft:ladder":1,"minecraft:shield":3,"minecraft:iron_axe":3,"minecraft:flint_and_steel":1,"minecraft:iron_shovel":3,"minecraft:blackstone":16,"minecraft:netherite_sword":1,"minecraft:oak_boat":4,"minecraft:poppy":7,"minecraft:sugar_cane":98,"minecraft:chest":1,"minecraft:birch_sapling":1,"minecraft:egg":2,"minecraft:raw_iron":8,"minecraft:fire_charge":1,"minecraft:polished_blackstone_bricks":40,"minecraft:carrot":71,"minecraft:arrow":225,"minecraft:allay_spawn_egg":1,"minecraft:beetroot_seeds":13,"minecraft:golden_hoe":3,"minecraft:hay_block":10,"minecraft:gold_ingot":11,"minecraft:mutton":7,"minecraft:white_wool":5,"minecraft:oxeye_daisy":1,"minecraft:basalt":2,"minecraft:salmon":4,"minecraft:leather":28,"minecraft:crimson_fungus":1,"minecraft:oak_log":32,"minecraft:nether_wart_block":4,"minecraft:golden_boots":4,"minecraft:yellow_bed":8,"minecraft:gunpowder":3,"minecraft:iron_ingot":62,"minecraft:stone_pickaxe":1,"minecraft:soul_sand":2,"minecraft:iron_sword":8,"minecraft:book":3,"minecraft:oak_slab":4,"minecraft:stone_brick_slab":1,"minecraft:quartz":36,"minecraft:gravel":29,"minecraft:amethyst_shard":2,"minecraft:white_bed":9,"minecraft:crying_obsidian":1,"minecraft:spider_eye":1,"minecraft:stone_axe":2,"minecraft:iron_helmet":2,"minecraft:baked_potato":21,"minecraft:coal":40,"minecraft:ender_pearl":5},"minecraft:killed_by":{"minecraft:zombified_piglin":2,"minecraft:skeleton":1},"minecraft:broken":{"minecraft:iron_shovel":1,"minecraft:golden_sword":1,"minecraft:stone_axe":1,"minecraft:iron_pickaxe":1},"minecraft:dropped":{"minecraft:iron_sword":5,"minecraft:ender_pearl":2,"minecraft:crossbow":1,"minecraft:leather":19,"minecraft:amethyst_shard":1,"minecraft:bone_meal":6,"minecraft:polished_blackstone_bricks":38,"minecraft:iron_pickaxe":1,"minecraft:gold_ingot":12,"minecraft:bone":1,"minecraft:crimson_fungus":1,"minecraft:stone_axe":1,"minecraft:golden_chestplate":1,"minecraft:netherite_sword":2,"minecraft:birch_sapling":1,"minecraft:rotten_flesh":2,"minecraft:oak_planks":10,"minecraft:white_bed":1,"minecraft:gunpowder":1,"minecraft:basalt":2,"minecraft:arrow":34,"minecraft:netherrack":32,"minecraft:iron_ingot":11,"minecraft:golden_boots":2,"minecraft:bread":12,"minecraft:oak_slab":2,"minecraft:wheat_seeds":3,"minecraft:grass_block":3,"minecraft:melon_slice":64,"minecraft:fire_charge":1,"minecraft:iron_leggings":1,"minecraft:golden_hoe":2,"minecraft:iron_axe":1,"minecraft:string":3,"minecraft:stone_brick_slab":1,"minecraft:furnace":1,"minecraft:stone_slab":2,"minecraft:shield":1,"minecraft:piglin_banner_pattern":1,"minecraft:diamond_pickaxe":1,"minecraft:andesite":3,"minecraft:oak_boat":1,"minecraft:wooden_shovel":6,"minecraft:birch_sign":1,"minecraft:stone_pickaxe":2,"minecraft:wooden_pickaxe":1},"minecraft:killed":{"minecraft:spider":4,"minecraft:skeleton":14,"minecraft:silverfish":4,"minecraft:piglin_brute":2,"minecraft:piglin":19,"minecraft:pig":4,"minecraft:salmon":4,"minecraft:iron_golem":9,"minecraft:creeper":4,"minecraft:sheep":5,"minecraft:zombie":28,"minecraft:ghast":1,"minecraft:blaze":2,"minecraft:hoglin":10,"minecraft:wither_skeleton":1,"minecraft:villager":5},"minecraft:used":{"minecraft:iron_shovel":379,"minecraft:dispenser":6,"minecraft:ladder":19,"minecraft:oak_sign":4,"minecraft:chest":18,"minecraft:shield":6,"minecraft:stone":11,"minecraft:iron_sword":273,"minecraft:zombie_spawn_egg":16,"minecraft:bell":2,"minecraft:rotten_flesh":1,"minecraft:carrot":14,"minecraft:obsidian":26,"minecraft:glass":93,"minecraft:lava_bucket":1,"minecraft:villager_spawn_egg":10,"minecraft:grass_block":44,"minecraft:hopper_minecart":1,"minecraft:golden_sword":32,"minecraft:repeater":12,"minecraft:magma_block":14,"minecraft:bow":42,"minecraft:furnace":2,"minecraft:oak_sapling":1,"minecraft:beetroot_seeds":3,"minecraft:egg":2,"minecraft:potato":11,"minecraft:short_grass":1,"minecraft:cow_spawn_egg":22,"minecraft:powered_rail":3,"minecraft:stone_pickaxe":63,"minecraft:wooden_pickaxe":51,"minecraft:redstone_block":3,"minecraft:sugar_cane":68,"minecraft:redstone_torch":5,"minecraft:lever":2,"minecraft:bread":67,"minecraft:stone_button":3,"minecraft:diamond_sword":7,"minecraft:fire_charge":1,"minecraft:oak_boat":7,"minecraft:bone_meal":6,"minecraft:oak_trapdoor":10,"minecraft:oak_fence":33,"minecraft:netherite_sword":81,"minecraft:enchanting_table":1,"minecraft:flint_and_steel":3,"minecraft:redstone":27,"minecraft:cooked_salmon":4,"minecraft:netherrack":23,"minecraft:torch":26,"minecraft:brewing_stand":1,"minecraft:dirt":250,"minecraft:anvil":3,"minecraft:white_carpet":2,"minecraft:hopper":5,"minecraft:allay_spawn_egg":7,"minecraft:oak_fence_gate":3,"minecraft:bookshelf":10,"minecraft:iron_axe":29,"minecraft:oak_stairs":1,"minecraft:golden_carrot":4,"minecraft:cooked_beef":14,"minecraft:observer":15,"minecraft:golden_axe":1,"minecraft:wheat_seeds":42,"minecraft:cooked_mutton":4,"minecraft:water_bucket":28,"minecraft:lead":1,"minecraft:baked_potato":2,"minecraft:rail":9,"minecraft:comparator":2,"minecraft:tnt":2,"minecraft:oak_slab":65,"minecraft:crafting_table":9,"minecraft:white_bed":11,"minecraft:oak_log":1,"minecraft:mud":12,"minecraft:piston":10,"minecraft:wooden_hoe":14,"minecraft:diamond_pickaxe":115,"minecraft:command_block":2,"minecraft:oak_button":2,"minecraft:iron_pickaxe":698,"minecraft:stone_axe":111,"minecraft:cobblestone":234,"minecraft:cooked_porkchop":2,"minecraft:bucket":16,"minecraft:yellow_bed":8,"minecraft:splash_potion":59}},"DataVersion":3953}