{"stats":{"minecraft:used":{"minecraft:cooked_mutton":4,"minecraft:iron_shovel":215,"minecraft:bread":1,"minecraft:stone_pickaxe":63,"minecraft:iron_pickaxe":1,"minecraft:wooden_pickaxe":51,"minecraft:sugar_cane":10,"minecraft:rotten_flesh":1,"minecraft:stone_axe":43,"minecraft:dirt":156,"minecraft:cobblestone":13,"minecraft:crafting_table":3,"minecraft:furnace":1,"minecraft:yellow_bed":1,"minecraft:potato":1},"minecraft:picked_up":{"minecraft:birch_log":18,"minecraft:crafting_table":4,"minecraft:raw_iron":5,"minecraft:salmon":4,"minecraft:potato":1,"minecraft:porkchop":8,"minecraft:oak_log":6,"minecraft:yellow_bed":2,"minecraft:dirt":214,"minecraft:rotten_flesh":1,"minecraft:wheat_seeds":4,"minecraft:hay_block":10,"minecraft:sugar_cane":10,"minecraft:birch_sapling":1,"minecraft:mutton":7,"minecraft:coal":12,"minecraft:white_wool":5,"minecraft:cobblestone":96,"minecraft:furnace":1},"minecraft:dropped":{"minecraft:birch_sapling":1,"minecraft:stone_pickaxe":1,"minecraft:wooden_pickaxe":1},"minecraft:killed":{"minecraft:sheep":5,"minecraft:zombie":2,"minecraft:pig":4,"minecraft:salmon":4},"minecraft:custom":{"minecraft:time_since_rest":29843,"minecraft:interact_with_furnace":11,"minecraft:sprint_one_cm":67097,"minecraft:damage_taken":287,"minecraft:walk_one_cm":93894,"minecraft:mob_kills":16,"minecraft:drop":3,"minecraft:damage_dealt":1450,"minecraft:swim_one_cm":10058,"minecraft:fly_one_cm":51661,"minecraft:interact_with_crafting_table":13,"minecraft:open_chest":4,"minecraft:crouch_one_cm":4102,"minecraft:play_time":29843,"minecraft:sneak_time":1361,"minecraft:walk_under_water_one_cm":5489,"minecraft:jump":502,"minecraft:walk_on_water_one_cm":6410,"minecraft:time_since_death":29843,"minecraft:climb_one_cm":537,"minecraft:total_world_time":29843,"minecraft:fall_one_cm":10968},"minecraft:mined":{"minecraft:hay_block":10,"minecraft:seagrass":1,"minecraft:tall_seagrass":1,"minecraft:furnace":1,"minecraft:birch_log":18,"minecraft:iron_ore":5,"minecraft:yellow_bed":2,"minecraft:crafting_table":4,"minecraft:short_grass":6,"minecraft:potatoes":1,"minecraft:oak_log":6,"minecraft:grass_block":205,"minecraft:coal_ore":7,"minecraft:dirt_path":1,"minecraft:dirt":8,"minecraft:stone":102,"minecraft:sugar_cane":6,"minecraft:oak_leaves":1},"minecraft:crafted":{"minecraft:oak_planks":24,"minecraft:stick":16,"minecraft:iron_ingot":5,"minecraft:wooden_pickaxe":1,"minecraft:iron_pickaxe":1,"minecraft:stone_pickaxe":1,"minecraft:iron_shovel":2,"minecraft:furnace":1,"minecraft:torch":16,"minecraft:birch_planks":72,"minecraft:stone_axe":1,"minecraft:bread":30,"minecraft:cooked_mutton":4,"minecraft:air":0,"minecraft:wheat":90}},"DataVersion":3953}