{"stats":{"minecraft:used":{"minecraft:iron_shovel":272,"minecraft:flint_and_steel":3,"minecraft:ladder":12,"minecraft:chest":3,"minecraft:shield":6,"minecraft:iron_sword":144,"minecraft:bell":2,"minecraft:cooked_salmon":4,"minecraft:rotten_flesh":1,"minecraft:netherrack":23,"minecraft:dirt":178,"minecraft:carrot":10,"minecraft:obsidian":26,"minecraft:iron_axe":27,"minecraft:golden_sword":32,"minecraft:golden_carrot":4,"minecraft:furnace":2,"minecraft:cooked_beef":8,"minecraft:potato":5,"minecraft:golden_axe":1,"minecraft:wheat_seeds":16,"minecraft:cooked_mutton":4,"minecraft:water_bucket":3,"minecraft:stone_pickaxe":63,"minecraft:wooden_pickaxe":51,"minecraft:sugar_cane":10,"minecraft:crafting_table":8,"minecraft:white_bed":6,"minecraft:oak_log":1,"minecraft:diamond_pickaxe":115,"minecraft:bread":41,"minecraft:iron_pickaxe":638,"minecraft:stone_axe":78,"minecraft:fire_charge":1,"minecraft:cobblestone":106,"minecraft:cooked_porkchop":2,"minecraft:bucket":4,"minecraft:yellow_bed":8,"minecraft:oak_boat":3},"minecraft:picked_up":{"minecraft:crafting_table":7,"minecraft:wheat":26,"minecraft:oak_stairs":1,"minecraft:nether_brick":7,"minecraft:shield":2,"minecraft:string":3,"minecraft:cooked_salmon":1,"minecraft:flint_and_steel":1,"minecraft:iron_leggings":2,"minecraft:iron_shovel":1,"minecraft:blackstone":16,"minecraft:gold_nugget":180,"minecraft:oak_boat":3,"minecraft:poppy":1,"minecraft:iron_pickaxe":3,"minecraft:melon_slice":175,"minecraft:sugar_cane":10,"minecraft:birch_sapling":1,"minecraft:furnace":2,"minecraft:raw_iron":5,"minecraft:stick":20,"minecraft:torch":21,"minecraft:fire_charge":1,"minecraft:porkchop":38,"minecraft:polished_blackstone_bricks":40,"minecraft:golden_axe":1,"minecraft:carrot":27,"minecraft:golden_chestplate":1,"minecraft:arrow":51,"minecraft:rotten_flesh":31,"minecraft:golden_hoe":3,"minecraft:hay_block":10,"minecraft:gold_ingot":10,"minecraft:mutton":7,"minecraft:obsidian":50,"minecraft:white_wool":5,"minecraft:cobblestone":149,"minecraft:birch_log":36,"minecraft:cooked_beef":22,"minecraft:basalt":2,"minecraft:andesite":3,"minecraft:water_bucket":1,"minecraft:salmon":4,"minecraft:leather":21,"minecraft:potato":16,"minecraft:crimson_fungus":1,"minecraft:oak_log":32,"minecraft:golden_boots":1,"minecraft:yellow_bed":8,"minecraft:dirt":376,"minecraft:bone":14,"minecraft:wheat_seeds":80,"minecraft:bell":3,"minecraft:stone_pickaxe":1,"minecraft:iron_ingot":21,"minecraft:iron_sword":5,"minecraft:oak_planks":23,"minecraft:cooked_porkchop":8,"minecraft:quartz":36,"minecraft:gravel":1,"minecraft:white_bed":6,"minecraft:stone_axe":1,"minecraft:cracked_polished_blackstone_bricks":12,"minecraft:crossbow":1,"minecraft:bread":37,"minecraft:piglin_banner_pattern":1,"minecraft:netherrack":547,"minecraft:coal":29,"minecraft:crimson_roots":4,"minecraft:ender_pearl":5,"minecraft:diamond_pickaxe":1},"minecraft:dropped":{"minecraft:golden_boots":2,"minecraft:iron_ingot":11,"minecraft:bread":12,"minecraft:iron_sword":5,"minecraft:wheat_seeds":3,"minecraft:ender_pearl":2,"minecraft:crossbow":1,"minecraft:leather":19,"minecraft:melon_slice":64,"minecraft:fire_charge":1,"minecraft:iron_leggings":1,"minecraft:golden_hoe":2,"minecraft:bone_meal":6,"minecraft:polished_blackstone_bricks":38,"minecraft:iron_pickaxe":1,"minecraft:string":3,"minecraft:gold_ingot":11,"minecraft:furnace":1,"minecraft:crimson_fungus":1,"minecraft:golden_chestplate":1,"minecraft:birch_sapling":1,"minecraft:rotten_flesh":2,"minecraft:oak_planks":10,"minecraft:shield":1,"minecraft:piglin_banner_pattern":1,"minecraft:andesite":3,"minecraft:oak_boat":1,"minecraft:basalt":2,"minecraft:arrow":34,"minecraft:stone_pickaxe":2,"minecraft:wooden_pickaxe":1,"minecraft:netherrack":32},"minecraft:killed":{"minecraft:spider":3,"minecraft:skeleton":10,"minecraft:piglin_brute":2,"minecraft:piglin":18,"minecraft:pig":4,"minecraft:salmon":4,"minecraft:iron_golem":2,"minecraft:hoglin":7,"minecraft:sheep":5,"minecraft:zombie":9},"minecraft:custom":{"minecraft:mob_kills":67,"minecraft:interact_with_crafting_table":44,"minecraft:bell_ring":9,"minecraft:time_since_death":4416,"minecraft:climb_one_cm":2873,"minecraft:sprint_one_cm":286098,"minecraft:walk_one_cm":427196,"minecraft:damage_blocked_by_shield":195,"minecraft:drop":53,"minecraft:talked_to_villager":4,"minecraft:play_time":131843,"minecraft:deaths":3,"minecraft:sneak_time":6221,"minecraft:walk_under_water_one_cm":5489,"minecraft:boat_one_cm":384,"minecraft:jump":2478,"minecraft:walk_on_water_one_cm":6869,"minecraft:total_world_time":131843,"minecraft:interact_with_furnace":29,"minecraft:sleep_in_bed":3,"minecraft:time_since_rest":4448,"minecraft:damage_taken":4715,"minecraft:damage_dealt":13467,"minecraft:swim_one_cm":10058,"minecraft:fly_one_cm":307583,"minecraft:open_chest":98,"minecraft:crouch_one_cm":18943,"minecraft:interact_with_smoker":5,"minecraft:fall_one_cm":72010},"minecraft:mined":{"minecraft:nether_gold_ore":45,"minecraft:white_bed":6,"minecraft:obsidian":51,"minecraft:grass_block":257,"minecraft:crimson_roots":3,"minecraft:cracked_polished_blackstone_bricks":14,"minecraft:weeping_vines":1,"minecraft:soul_soil":1,"minecraft:hay_block":10,"minecraft:polished_blackstone_bricks":21,"minecraft:tall_seagrass":1,"minecraft:furnace":1,"minecraft:carrots":8,"minecraft:iron_ore":5,"minecraft:fire":2,"minecraft:bell":2,"minecraft:potatoes":5,"minecraft:dirt_path":1,"minecraft:vine":1,"minecraft:oak_stairs":1,"minecraft:stone":109,"minecraft:blackstone":1,"minecraft:crimson_nylium":10,"minecraft:basalt":2,"minecraft:crafting_table":7,"minecraft:short_grass":29,"minecraft:melon":15,"minecraft:nether_quartz_ore":37,"minecraft:cobblestone":21,"minecraft:sugar_cane":6,"minecraft:seagrass":1,"minecraft:birch_log":18,"minecraft:wheat":17,"minecraft:yellow_bed":8,"minecraft:oak_log":32,"minecraft:coal_ore":24,"minecraft:dirt":14,"minecraft:netherrack":506,"minecraft:oak_leaves":2,"minecraft:fern":1},"minecraft:killed_by":{"minecraft:zombified_piglin":1},"minecraft:crafted":{"minecraft:oak_planks":76,"minecraft:furnace":1,"minecraft:bone_meal":6,"minecraft:cooked_mutton":7,"minecraft:flint_and_steel":1,"minecraft:iron_boots":1,"minecraft:iron_axe":1,"minecraft:ladder":12,"minecraft:stone_pickaxe":1,"minecraft:chest":3,"minecraft:golden_boots":2,"minecraft:wheat":90,"minecraft:cooked_beef":10,"minecraft:cooked_porkchop":8,"minecraft:crafting_table":2,"minecraft:wooden_pickaxe":1,"minecraft:iron_helmet":1,"minecraft:iron_sword":1,"minecraft:cooked_salmon":4,"minecraft:bucket":1,"minecraft:birch_planks":72,"minecraft:stone_axe":1,"minecraft:bread":34,"minecraft:air":0,"minecraft:oak_boat":2,"minecraft:iron_chestplate":1,"minecraft:diamond_pickaxe":1,"minecraft:gold_nugget":9,"minecraft:shield":1,"minecraft:stick":60,"minecraft:iron_ingot":42,"minecraft:iron_pickaxe":4,"minecraft:iron_shovel":2,"minecraft:gold_ingot":14,"minecraft:iron_leggings":1,"minecraft:torch":16},"minecraft:broken":{"minecraft:iron_shovel":1,"minecraft:golden_sword":1,"minecraft:stone_axe":1,"minecraft:iron_pickaxe":1}},"DataVersion":3953}