{"stats":{"minecraft:used":{"minecraft:crafting_table":1,"minecraft:wooden_pickaxe":49},"minecraft:picked_up":{"minecraft:birch_log":18,"minecraft:crafting_table":1,"minecraft:cobblestone":46},"minecraft:custom":{"minecraft:time_since_rest":5843,"minecraft:crouch_one_cm":170,"minecraft:play_time":5843,"minecraft:sprint_one_cm":5125,"minecraft:damage_taken":50,"minecraft:walk_one_cm":9326,"minecraft:sneak_time":149,"minecraft:jump":40,"minecraft:time_since_death":5843,"minecraft:walk_on_water_one_cm":67,"minecraft:total_world_time":5843,"minecraft:fall_one_cm":1239,"minecraft:interact_with_crafting_table":2,"minecraft:fly_one_cm":2185},"minecraft:mined":{"minecraft:birch_log":18,"minecraft:stone":49,"minecraft:crafting_table":1},"minecraft:crafted":{"minecraft:birch_planks":72,"minecraft:stick":16,"minecraft:wooden_pickaxe":1}},"DataVersion":3953}